-0.21562083613790367,-0.19053340582398037,0.6648972799967257,0.6045394509407782
-0.21940916927209525,-0.09065694382233841,0.6520896003955615,0.6007507480872992
-0.223718851050141,0.009198379638197973,0.654990269616387,0.596441326822992
-0.2240018305013851,0.10914508220909691,0.6552705865472438,0.6021887428631298
-0.22282211509288477,0.20908571793346203,0.6540906662621273,0.612900310084345
-0.2200325191296135,0.30899418900992365,0.6513019941737278,0.6379685802714312
-0.21841846904525428,0.4089164749524348,0.6496874481388544,0.6516228689355695
-0.21642293744770869,0.5088440349688863,0.6476925005371793,0.6536195279704929
-0.21595424745735178,0.6087905958376298,0.6472225948229193,0.6540896789739798
-0.21683873318269808,0.7087345011711088,0.6481030534211814,0.6619524954023175
-0.2189017133850358,0.8086611671322086,0.650158663387772,0.6833482743021316
-0.2219681794598162,0.9085621937447145,0.6532143070746897,0.6986179853350003
-0.2258632550987461,1.0084344447507725,0.6570953511016637,0.6947284838605113
-0.2276477368278465,1.1083648787430522,0.6588734313173493,0.6929502382330013
-0.23146216885083165,1.2082391217573492,0.6626743654959123,0.6891415193242134
-0.2370185430323681,1.3080320377071255,0.6682094295649939,0.6835890466999601
-0.24396552680179817,1.4077381403368796,0.6751279986442285,0.6881426649272747
-0.25195447664029963,1.507366429018652,0.6830830155415036,0.7059299151244528
-0.26063973686085323,1.6069366104905434,0.6917309376248377,0.7110492517187521
-0.26967813267342733,1.7064754528216404,0.7007309103128092,0.7020132662221381
-0.27872793313559313,1.8060132655803465,0.7097434678730373,0.6929660063318567
-0.2847573740063487,1.9057773334720094,0.7157529014604442,0.7010826991286001
-0.2915523917191069,2.0054942537793385,0.7137432176734022,0.7223210441628799
-0.2987586371511223,2.1051824864305764,0.6934673817611126,0.7219057157657087
-0.3017258066034311,2.205074254864048,0.6830293041024819,0.7189380614514183
-0.30078877069807947,2.305014997982576,0.6820965288038114,0.7198689237977046
-0.2984579941949433,2.4049360283599106,0.6797739427248726,0.7221931432744109
-0.30023402305913777,2.504851687414332,0.6815505780372216,0.7204145172044405
-0.306164387606271,2.6046110069806114,0.6874832542217085,0.7171817047770144
-0.31737423045181573,2.7039041870512315,0.6987141560013088,0.7225455938629748
-0.335544496780211,2.802145709899676,0.7169574922563744,0.7345920563825075
-0.3625709807249861,2.898304051579096,0.7441735851828263,0.7509344704081551
-0.400458353905203,2.990690592397244,0.7816738042536788,0.765919724633489
-0.45219168136931537,3.0759558811071677,0.7349662804468926,0.7570797675152116
-0.5197401000321058,3.149411036744955,0.6606034408681113,0.7415776077248074
-0.5995848496922962,3.2092683613102895,0.6009383951621932,0.7210265268869931
-0.6891530337208605,3.2531678796440153,0.5574469790538417,0.6887442308062873
-0.7840398053778515,3.284329811147605,0.5265993577782926,0.6492747849628913
-0.8816182654402499,3.3057471034208636,0.5053758191964284,0.6136221229475979
-0.9806896334049758,3.318426220734121,0.492788571517131,0.5809831631151262
-1.0804764279458112,3.3239562301461394,0.46580593156403177,0.545016425134047
-1.1803919849287494,3.32378659733616,0.4536052591266447,0.5202019472184917
-1.280212016123544,3.3188267403546456,0.46782330183507703,0.5091583924431051
-1.3799770743606814,3.3127814831982185,0.497257243279331,0.5031152348703778
-1.4798653220381803,3.3095975714576658,0.5115257056323339,0.4999360739469816
-1.5797756422158855,3.3120664465227243,0.5388651434491392,0.5024067198407869
-1.6792410368754365,3.3215184860489657,0.5710827135777348,0.5116282423927013
-1.7778106710469623,3.3378587258879246,0.6021014495277427,0.5040771149626188
-1.8733788384472305,3.3667147762574565,0.6357484911710591,0.5284800977847465
-1.9638021358627644,3.4090417837918987,0.6697156134333645,0.5817152265594628
-2.0450817600429945,3.4669191170430533,0.6861161700677493,0.657438648387595
-2.113593009322269,3.53939788118559,0.6832979267836715,0.6073049411841549
-2.165336797215269,3.62458917935901,0.6733278919552851,0.5549678976814968
-2.200353961757709,3.718103965598903,0.6593524523657633,0.5197865564618922
-2.224324118398611,3.8150970673044355,0.6442214189221324,0.4957624040817155
-2.240658761511718,3.9136397471451128,0.6216144429210765,0.47940778809920465
-2.248166051244468,4.01326906926543,0.5965245370826663,0.47189842162936296
-2.2495499526688696,4.1131915019297765,0.5814469380055209,0.4826255696613448
-2.2487168885959674,4.2131334649916345,0.5806197253716306,0.5150071932873505
-2.2454542024305404,4.313025170631479,0.5560410307752912,0.525336752874679
-2.240891800408781,4.412867392826067,0.5360241219624139,0.5298937302507807
-2.2402456087453846,4.512812428360888,0.5209211484510048,0.5305459543718659
-2.2400888881350927,4.612731068520594,0.5207677936593054,0.530708012699966
-2.240611419388769,4.7126765745429475,0.5212914386038082,0.5301933423169057
-2.240111412431833,4.812607897835181,0.5207946088611267,0.5306989073627967
-2.2357351619307586,4.912440585677565,0.5164318104563027,0.5350694034911795
-2.226786598611254,5.011964450933037,0.5075198728418665,0.5439890187921024
-2.21440657644266,5.111140753880987,0.49520313808588595,0.5563187211918145
-2.1970233484977997,5.209529812999526,0.48217750132287146,0.573611070472678
-2.174346898164445,5.306865806163274,0.48429037682922793,0.5628974316496113
-2.1447119721299472,5.402308645583631,0.4883886230111048,0.5580007201585121
-2.110119537712483,5.496040072279729,0.4810722417761019,0.5566286269353327
-2.070459144991287,5.587774469378289,0.48890425534762505,0.5461918700913991
-2.029450833883964,5.6789086310966255,0.49669609680003707,0.5233197424872484
-1.9852767676375653,5.768564055484776,0.5074050065621267,0.5102682312472089
-1.9398093112633086,5.8575708939128095,0.5139637023673854,0.4831426297109595
-1.8892992881415909,5.943792833010017,0.5204103219681718,0.47233413787359957
-1.8357107084505109,6.028150656308627,0.5212215479949133,0.48594788727743554
-1.7800890155988778,6.111191862080286,0.518389824852171,0.5075458744976247
-1.7230352652069096,6.193255245735624,0.5129742170329835,0.5078034298733428
-1.6636283852325437,6.273613303684312,0.5079124302718894,0.513841441280966
-1.6025871883203335,6.3527561215454496,0.5153326278396193,0.5170746881507846
-1.5429902495409045,6.432989847938878,0.5107127303647424,0.525457055177332
-1.4827810523707237,6.512763640957028,0.5073558279888796,0.5257986200250306
-1.42409401304055,6.593646637357422,0.5019024208371856,0.535132993770722
-1.3668608755604035,6.675582546782758,0.5044307040662183,0.5215606539396239
-1.310598985718919,6.758191641392975,0.5174718310628459,0.5029519031269108
-1.2565961626152882,6.8422876137429105,0.5212154887829201,0.48171214126845674
-1.2041749086536393,6.927377809431123,0.5177347266573882,0.4586954871552228
-1.15419017919763,7.013925229997419,0.5324021313678058,0.440889253141719
-1.1080721894107368,7.102595385544451,0.5521334214898774,0.4409869700324873
-1.0639490421345728,7.192274259341615,0.558292396534544,0.44774708110166067
-1.0243044907325158,7.283998860059911,0.5837180968788064,0.4597369324880935
-0.9885975585247663,7.377323556222455,0.6000455736285174,0.4537773765609505
-0.9587265410355605,7.472695081882923,0.6344174511634726,0.4634985305526111
-0.9344484191189052,7.569607517747045,0.6633402765696527,0.4879446142048553
-0.9152016732089893,7.667679813859541,0.6458835839687995,0.507249461032436
-0.9008384403486743,7.766557318147099,0.6314849914657743,0.5270841968824872
-0.8904150402766989,7.865959557496154,0.6210461044164908,0.5557933064104604
-0.8807773341183662,7.965439556278425,0.623937143738138,0.5900370756810621
-0.8721944166836266,8.065000745687312,0.6435691789847231,0.5986216014201754
-0.8654162630965355,8.164716924700514,0.6471629853215238,0.6053958181018232
-0.8611195034312633,8.264571088117606,0.642868562487385,0.6096849325826807
-0.860249121922247,8.364504906354908,0.6419970957438628,0.6136004312845678
-0.8623342909205606,8.464428822853959,0.6440724368000912,0.6306078544499091
-0.8666539999642431,8.564277862124694,0.6483709796230347,0.6534278463875701
-0.8725748162691892,8.664045246608255,0.6542609215225595,0.6475085689356318
-0.8790639853076959,8.763780845925593,0.6336165570973665,0.641021564762208
-0.8828676806568114,8.863651082046594,0.6236099943869371,0.6372175034138905
-0.8870787236733657,8.963509544105857,0.6179501814995154,0.6330063420085473
-0.8928389197864386,9.063291064969553,0.6237128361080393,0.6272475110161958
-0.8997985406887556,9.162996436998725,0.6306772805884078,0.6265964190768549
-0.9076105151063544,9.262638877831927,0.638496223061471,0.6408724091515526
-0.9159302491873681,9.362240338524657,0.646824385626166,0.6541431221575399
-0.9244148257878108,9.461827931838673,0.6553178966103071,0.6456560730682993
-0.9327218469960984,9.56143044807247,0.6636333184327124,0.6373467957041016
-0.9404734969339386,9.661076837983831,0.6713918395149048,0.6295934828342339
-0.9446157882677958,9.760939197017517,0.6755346579231274,0.6254523063339636
-0.9491443795056375,9.860784916571806,0.6800641330478732,0.6209246428909923
-0.9535390093557945,9.960636573944866,0.6689421725891297,0.6165310300972687
-0.9573001016177516,10.060513614950754,0.6475679239911396,0.622349775149617
-0.964447830051732,10.160206017060514,0.6446262937973338,0.6405598419089436
-0.971854110542844,10.25987960160689,0.6520377627766893,0.6488304215483336
-0.9791742786955793,10.359559528439494,0.6593630187265463,0.6415117237026953
-0.9844738788472539,10.459351709185155,0.6646656143090236,0.6362166926488759
-0.9886057291118544,10.559214493948302,0.6528704350453027,0.6320915161876078
-0.9931321673569763,10.659060309137532,0.6344599027274987,0.6275714819311703
-0.9975328701731736,10.758911703658871,0.6313949013419407,0.6358077445519057
-1.0032925231058794,10.858677317214385,0.6333061192888788,0.6579658032073983
-1.0113817165315748,10.958297707977026,0.6413929114427228,0.6604839810459903
-1.0198201330143168,11.057889210736592,0.6498290296410657,0.6520868847773756
-1.0282651574575477,11.157480157156195,0.6582720421753924,0.6436608917506365
-1.036374289529856,11.257098931668343,0.6663795537358996,0.6355608654440466
-1.0422951125084647,11.35685491622121,0.6722994826839663,0.6296534591263074
-1.0466766332598967,11.45670712955032,0.6766805271701258,0.6252884003744866
-1.051205224497735,11.556552849104614,0.6812086511254883,0.6365698036018648
-1.0553606249303176,11.656414652182246,0.6853636663596613,0.6632515594549626
-1.0578133261839653,11.756309349648111,0.687816106935961,0.6628399252281542
-1.0638767537047198,11.856072300377933,0.6938789306365912,0.6567849410143993
-1.0714716696640092,11.955731002752604,0.6753076688538696,0.6523149711950039
-1.080077478533,12.055307938243796,0.6647003271267939,0.6620571632487354
-1.089178598285666,12.154841048353612,0.6695167249764016,0.6724435714648522
-1.0982624257857003,12.254375741600413,0.6785821903503612,0.6718080012206373
-1.1068164423933147,12.35395713557833,0.6871202386791396,0.6660136622182394
-1.1116771548478603,12.45378334435592,0.6919742740771573,0.6673299023988176
-1.1205770454927777,12.55332818561973,0.7008579189700281,0.6794628081469343
-1.130950752340424,12.652736235469908,0.7112117860246718,0.689122925838822
-1.1394887808957586,12.752316045300084,0.71833491663805,0.6892895501795077
-1.146988523411185,12.851978874973268,0.6958006764903963,0.704811365693977
-1.1530201400327327,12.951741236887832,0.6857332911144145,0.7286984748110751
-1.1574076425089608,13.051592942230776,0.6885081110047435,0.7487942048855282
-1.1621547969172235,13.151427694026822,0.6857012936837497,0.7809243319930776
-1.1687201164836567,13.251156577525109,0.6638105768239253,0.8218851649355271
-1.1782263881576809,13.350642150832472,0.6595176999028783,0.8512249306834765
-1.1946552648707822,13.449164871651591,0.6760057344565444,0.8835026852185833
-1.2195757556369229,13.54591358576478,0.7010825732825514,0.9176540869172914
-1.254968949698387,13.639312186566585,0.736499572960622,0.9510804098022215
-1.3030758814911716,13.726653526144009,0.7838495887003382,0.9789433896807672
-1.3696439603269492,13.80084952176346,0.8496919870738225,0.9858817914116731
-1.450151167800904,13.859658669985045,0.9307061908060832,0.9821100820418762
-1.5423819995567813,13.897526068013981,1.0223980559429937,0.9644323138395684
-1.639925664693277,13.918702973574234,1.0542622151373553,0.9296236395783785
-1.7396186465689687,13.923779220498021,0.9950207726364529,0.8802043757148762
-1.8393629843560144,13.918378266627553,0.9520432122362198,0.8301882103540763
-1.9382616577165166,13.904044173821635,0.9185376020852154,0.7814419698353396
-2.036022260007207,13.883434759709333,0.8801114306337191,0.737064694144059
-2.1324162176959156,13.85705475785121,0.8575343372076295,0.6984862996708234
-2.2283404051607127,13.828991087045651,0.8362705608651523,0.6707532857393002
-2.324184626602452,13.800648302436187,0.8057524356265761,0.6423887441719484
-2.4198225892637906,13.771617525641435,0.7875445382259763,0.6131325892071163
-2.5168220350182775,13.747526733511268,0.7672820851611144,0.6039941214762234
-2.6140517677234385,13.7243834439785,0.7350355659535583,0.6122439045042958
-2.7109409562120743,13.699845845699205,0.7098893470338269,0.5924469558980383
-2.807508310051,13.674076648045965,0.6769015694690154,0.5842031385570892
-2.9037248469673895,13.647021285563078,0.6462302661627042,0.5916202188992444
-2.9992909823628,13.617791002388278,0.6323526549408307,0.6132321766764369
-3.0944973853966546,13.587401252052828,0.6235308179988235,0.6372449507660998
-3.189056771929629,13.555044829399614,0.6263777472323815,0.6439500938417518
-3.2832112644373495,13.521523931353778,0.6134466402347512,0.6635841210417097
-3.3781779130061134,13.490383495772551,0.6061096425629331,0.693699972831388
-3.4735501205724044,13.460513420587347,0.6098321491057429,0.7052186961684197
-3.56986249245621,13.433800216442611,0.6002440756341995,0.7334697332294681
-3.6671614963541344,13.410941219163744,0.6032383324214865,0.7683214832931811
-3.76553980274131,13.393422077894087,0.6171904638854627,0.7945041082625435
-3.8646610021986447,13.380680186780985,0.5990861010600672,0.8362710316887403
-3.9642638719200134,13.37283467950505,0.5895539637994592,0.8898649148185952
-4.064046041938003,13.367573868845437,0.5942690779231499,0.8719446441383755
-4.163867756327622,13.371657881590059,0.5901852443165098,0.8226998216091317
-4.263467872918931,13.379978227362047,0.5818608970450514,0.7871671226581186
-4.362755850998207,13.391273958744348,0.5705458754765592,0.74292815172236
-4.460945724236623,13.409803750483912,0.5519323547541988,0.7055405717485317
-4.558804566001031,13.430131774974937,0.548462662231021,0.6826811318905979
-4.656688537394323,13.45031488222917,0.5629170913018698,0.6641435354243432
-4.753780571605296,13.474007491273946,0.5586051152059255,0.6513839321348229
-4.851467708856309,13.495059246445036,0.5746268883685016,0.6317339783599336
-4.948967106203345,13.517041613590532,0.6003617772122436,0.6152478985949854
-5.046468195839103,13.538961116004074,0.6022916683744715,0.5982448139724642
-5.144561888795384,13.55812583671707,0.6232382889423437,0.5796260197289431
-5.242646589563052,13.577336270610838,0.6588021860399276,0.5734577480977654
-5.340447933353753,13.597877678853934,0.6861082352019667,0.5582994989444333
-5.438538289301091,13.617059097377846,0.7057321412314429,0.5594372792545494
-5.536658689646829,13.636084575655227,0.7240080425908253,0.5779655722222375
-5.63489635359684,13.654497005015715,0.7460596692393213,0.5961986266175275
-5.73307052203928,13.673245407805922,0.7662619478430496,0.6147770881458505
-5.8314225862659645,13.690981123794879,0.7875076015061152,0.6323711054665714
-5.9296370345603835,13.709181360832941,0.8144982928282309,0.6504312056838889
-6.026714205494097,13.73293922904629,0.8381010469129816,0.6739867947814837
-6.122870440083938,13.760208899046143,0.8662258380891255,0.7128628114233768
-6.219601086583082,13.785345602080524,0.8875533900165072,0.7512060624104387
-6.317112179805844,13.807271164578232,0.9048070883954663,0.7957731468648865
-6.415277534497591,13.825931204814841,0.9253301015538488,0.8470600784268849
-6.514532979864621,13.83722765452347,0.9616450867032638,0.8968497773865196
-6.614418629798539,13.838637952054146,1.002953196422968,0.9412037615592859
-6.713776649565959,13.82920721578749,1.0410691893435586,0.9843231233679275
-6.809578442151512,13.8015495245322,0.9747147982061642,1.0121747347227503
-6.897298824520751,13.754331161964979,0.8807896528339776,1.0264582687797554
-6.969255566109193,13.685492259260753,0.8023198192788545,1.0162234220776614
-7.021784856591688,13.600692699002566,0.7490122233060428,0.9890810370589094
-7.057125214024708,13.507378901950428,0.7134197174234211,0.9527669705917698
-7.080956682539112,13.410369564808615,0.689493350268893,0.9141963347449832
-7.0941152229405215,13.311361343417808,0.6763084516070442,0.8748889864039991
-7.098435785120439,13.211543556217801,0.6719848316554876,0.8359560305250292
-7.096420733850738,13.111634443929237,0.6739961054203416,0.7922495504283226
-7.089800845550849,13.011912293499051,0.6801316550333695,0.7548470933725087
-7.080294331978575,12.91241845713986,0.6585222620439726,0.7264839321300658
-7.069604755817659,12.813043697591485,0.652881248136647,0.7051491507005003
-7.061367105836093,12.71344166071519,0.6600143918666204,0.6914602563913659
-7.054652377942379,12.613730152727399,0.6666980295272211,0.6847447055602931
-7.049321172101419,12.51392408668017,0.6720075256835283,0.6794140473456838
-7.043853303869848,12.414125394279084,0.6774533487749657,0.6739466317687411
-7.038421760588615,12.314324722304097,0.6828634374681398,0.6685155770990528
-7.033199560029795,12.214512906129857,0.6880656284834268,0.6632940317679942
-7.028359951537399,12.114681862177719,0.6928874101319353,0.6584553606899844
-7.024076579777042,12.014825486596374,0.6971557202548239,0.654173293684118
-7.021980386830561,11.914915876249793,0.6902979597489795,0.6520790199759295
-7.021391184462813,11.814969419698212,0.6631109526331467,0.6514921775490228
-7.020348917606454,11.715026521804202,0.6507603346474881,0.6504523092937846
-7.019202053366958,11.61508473302508,0.6519075136681013,0.649307872870203
-7.020984029164865,11.515154987956542,0.6501315590375311,0.6604894709093097
-7.021947051042008,11.41521153074733,0.6491723753151803,0.6854250726051347
-7.018077377977161,11.31534522447588,0.6530420984441618,0.69884387105991
-7.012112462232044,11.215576370998507,0.659009200326022,0.7013511079766557
-7.004573483758003,11.115913624797921,0.6665538994275966,0.7060599813382609
-6.997215123373686,11.016245127667101,0.6599409057556505,0.7248291711979505
-6.9896319657490755,10.916587355129735,0.6414383490460231,0.7211581935101187
-6.979996659005697,10.81710604921644,0.6402905227847409,0.7115657404705189
-6.968832787775067,10.717783930771926,0.6514691890493418,0.7007717122602324
-6.956654884479823,10.618580535306094,0.6636652352057291,0.7031256399411111
-6.943969987209353,10.519440425764666,0.6763702653796113,0.7189952792751931
-6.931280860800121,10.420300840894248,0.6697624430285765,0.711870980124041
-6.921607150756715,10.320826966545097,0.6563774818345781,0.7022196339478105
-6.911767895711862,10.2213641302824,0.658237264210453,0.6924041615372418
-6.902022944624221,10.121892052514887,0.667984318035872,0.6826833636381425
-6.89305402959012,10.022347560621075,0.6769552843634098,0.6766352060174174
-6.885548748938585,9.922683127029437,0.6844621766033756,0.6867165298866139
-6.876286838434735,9.823169381675578,0.693726701327978,0.7063581696872038
-6.870009715125005,9.723425908122284,0.6754834788446737,0.700082740569916
-6.864094782154067,9.623652730942226,0.6612683827925967,0.6941690660049008
-6.85720958165866,9.523956526834384,0.6629750948986387,0.6872864014988704
-6.847765311977081,9.424455453198023,0.672405781438025,0.6836131932600515
-6.840641506493934,9.324767024582085,0.6795213330353816,0.6967413304430224
-6.832888384737803,9.225120306185213,0.687265470839996,0.7129560302789545
-6.824601268536083,9.125516123676988,0.6661777447601395,0.7046667790121185
-6.816465946972821,9.0258995270044,0.656805110146086,0.7049786667231661
-6.805435946739746,8.926571073965484,0.6654260599260395,0.7123984396788683
-6.7935168167977835,8.827335960968226,0.6730935909413447,0.7237138706737496
-6.784076082439749,8.727841635506483,0.6526082837651639,0.714653669241252
-6.774366204801386,8.628366310038485,0.6473530051310289,0.7159381780487277
-6.764360159130553,8.528920072786818,0.6573714298060166,0.7307254613978428
-6.754738243986197,8.4294362424742,0.6670040684021346,0.7363301624142543
-6.7449544398576595,8.329978568828212,0.6768001180234249,0.7265439669745621
-6.7330571393977126,8.230740844181469,0.6887200468175336,0.7281066083564915
-6.723882678560408,8.131223764846792,0.6855520095759511,0.7458922067137079
-6.714896886662585,8.031680222053907,0.667802607290828,0.7455935920014243
-6.705934089047807,7.932134616513816,0.6647463768120289,0.7390068232799184
-6.697678370982888,7.832528482298273,0.6730105861167699,0.7383444340058067
-6.691956848196382,7.732764078726236,0.6787360361816027,0.7488146831322183
-6.683652191530331,7.633161992901175,0.6870493169560415,0.7637506444585649
-6.6746731100696595,7.53361784813537,0.6960389522371239,0.7547772125987392
-6.66570360201773,7.434072844568189,0.7050189863445254,0.7458135736287452
-6.656386013933576,7.334570555969649,0.7143486799812712,0.7414717787756114
-6.646662617242325,7.235104027338515,0.7059694826755191,0.7501297917599703
-6.636403788166287,7.135684463537139,0.6928297230159698,0.7664343244908791
-6.625288105679382,7.036356305073169,0.6948412531837534,0.7553148237522508
-6.613993029874714,6.937048234357212,0.7061473503774721,0.7440159839102564
-6.603911299732261,6.837622678023557,0.7162382320150036,0.7414226446327503
-6.595802838132409,6.738018164998964,0.7243527172675672,0.754163951660905
-6.583971830347322,6.638773288967539,0.7361965957401155,0.7643932785018639
-6.571353417516113,6.539624780836783,0.7488301320522396,0.7517596766171399
-6.55861881042107,6.4404910431045845,0.7380683250289573,0.7390095468117259
-6.546438051415964,6.341288213505481,0.7300979487389253,0.7368162418191467
-6.535487201876844,6.241943146380185,0.7105811921170649,0.7493077713287138
-6.525736077281431,6.142476969050186,0.7019788561863741,0.7569756644450532
-6.514448445445566,6.043168745881662,0.7090624605553217,0.7456774387509356
-6.5044822776681785,5.94372003961403,0.7158218229223777,0.7357066028323294
-6.496357725620717,5.844105113915787,0.7239325142467116,0.7275839811727752
-6.491943409503794,5.744276913453676,0.7155972195477137,0.7231778184856643
-6.485941103358888,5.644508989258731,0.7023213343510305,0.7171829693373601
-6.480381874167775,5.54472305949721,0.6921658096050385,0.7116316147549849
-6.477346130143336,5.444821286301943,0.693840938065382,0.7214700443716886
-6.4737199782947545,5.344938750049336,0.6889733688395194,0.7351642116731594
-6.469583823535167,5.245084719860872,0.6650835500921118,0.7522312403983016
-6.462004346019413,5.1454244576549915,0.6591650191581481,0.7596358993732235
-6.453940019548747,5.04580198079208,0.6672363769448608,0.7794158269089434
-6.445905554560785,4.946177123316746,0.6752778066872432,0.7760829742255537
-6.440348706884314,4.846397718055476,0.6808368383196073,0.7705282113490172
-6.432955203057923,4.746746906493027,0.6882369336147179,0.763140081118725
-6.422617384934373,4.647335850528194,0.6985903580460876,0.7528139633444237
-6.411024552797671,4.548062602627544,0.7102047281900892,0.7455554648495066
-6.398686706259603,4.4488787825144955,0.7225680863713583,0.7508910948819354
-6.386108305842888,4.349725064641116,0.7351733621304041,0.7661101225790065
-6.373792029936165,4.250538599968183,0.7475150452346703,0.7537927447990717
-6.362242871039398,4.151260298093068,0.759085527206613,0.7422430392298635
-6.351971801464,4.051842296041119,0.7523665138826082,0.7319718084213365
-6.345293867445951,3.9521396305356147,0.7354072002418989,0.7252938675655195
-6.340998716547457,3.8522841255374862,0.729434761279063,0.7209987170011689
-6.3377474708903145,3.752392076367601,0.7326871298785314,0.7177474779783899
-6.332134825136745,3.6526015647124224,0.7383029950064801,0.7191065967155184
-6.32753105832984,3.552765192825622,0.7221242031530214,0.7351811846835435
-6.324253139257076,3.4528936144303066,0.7036172968083066,0.7545415342068716
-6.31794104638211,3.3531456235801294,0.7020781942503387,0.7482299602897712
-6.310498232284852,3.25347508798113,0.7095231462243536,0.7407859595363245
-6.302442454547487,3.1538519426491263,0.7175815172272609,0.7327279156788995
-6.294288604671065,3.054236743547431,0.7257381435052694,0.7245716172348694
-6.286725791004274,2.95457881239669,0.7147487821256855,0.7170073207817541
-6.28241176177024,2.8547283478349867,0.6994175401238627,0.712695946695813
-6.273518778797049,2.7551775267254994,0.7018177997369751,0.7037990006681106
-6.2632376613699705,2.6557598581926363,0.7068825145059651,0.7034239594467051
-6.252082487316386,2.556436096082104,0.7180241975723861,0.7162558637668756
-6.240561641258852,2.457153942691209,0.7221895022044084,0.7216240128152739
-6.23083471572232,2.357694284816185,0.709368778243002,0.7118920579039022
-6.222023334314322,2.2581352322673904,0.7013332553572297,0.715524951216157
-6.2128801382311964,2.1586059477860227,0.7077988460963515,0.7325754647988635
-6.204088237609815,2.059045186379629,0.7111199642769135,0.7352391075844771
-6.196309214037269,1.9594008468701047,0.6902670821961097,0.7274821572232026
-6.185730776585722,1.8600138725065969,0.6863490705771403,0.7169459108136456
-6.175622936953261,1.7605780900905317,0.6961871057209625,0.706878037818457
-6.166497389719124,1.661047693624934,0.7052321738574734,0.6977862434087253
-6.1588713376845385,1.5613917355172253,0.7128173120070249,0.6901843277689761
-6.151283964289196,1.4617425597464233,0.7203644116973418,0.6826220157362166
-6.142740199109504,1.3621602840542368,0.7057185720124548,0.6741101102910723
-6.137962245444861,1.2623276453075234,0.6945219332758432,0.6703795309257349
-6.133044542627103,1.162500330501555,0.6876665659495311,0.6813110533402844
-6.128417950397606,1.0626592065894234,0.6922947219186142,0.706633204563005
-6.124603026266241,0.9627840879808028,0.6961105101399208,0.7088723276100327
-6.12018168869251,0.8629470085976213,0.6831870262494524,0.7223347948071682
-6.114072057218629,0.7631855559214455,0.6652775553871686,0.7440734870162735
-6.111020743127181,0.6632856917488317,0.6590751614171763,0.7410220198783273
-6.107170585119853,0.563411694030737,0.6629265801092137,0.726878437403848
-6.105633468875774,0.4634772634200063,0.6644642629640389,0.7083196159847334
-6.102732515642469,0.3635715600731926,0.6673660756754305,0.7022408010447919
-6.0946381264773795,0.26395750281101743,0.6754656087809152,0.7051532658712656
-6.084394619042816,0.1645367743140837,0.6857174615085951,0.7196536790918145
-6.072639829966902,0.06528274911378659,0.6974836560870762,0.7205675531564556
-6.059886866569887,-0.03384840275792712,0.7102506079374097,0.7342121907230382
-6.046641020963167,-0.1329151332056023,0.7235121655997921,0.7278190690206794
-6.0334031974734765,-0.23198294447728257,0.7137647466514457,0.7146468428259629
-6.023240472250285,-0.33140908240176936,0.7032908211500148,0.7045255321707843
-6.012835315960743,-0.4308143184977278,0.7071747878549209,0.6941649764697448
-6.003832406701917,-0.5303417371748407,0.7161753211124453,0.6851977340264418
-5.9977345106135065,-0.6300933111110228,0.7222721330203653,0.6800869862881915
-5.9946408062153544,-0.7299870116604394,0.6979759889432733,0.6925349958416889
-5.990764220958786,-0.8298600876987977,0.6835152584512508,0.7180573341301272
-5.98600889120571,-0.9296935480014467,0.6836374857077528,0.7470686147142274
-5.978695755433337,-1.0293666905369554,0.6600270069205892,0.7704225150922819
-5.967569599013353,-1.1286807955437905,0.6548962405933348,0.8020549278528688
-5.951378759698894,-1.2272877340937094,0.6699284175028374,0.8398292885757737
-5.928138675588991,-1.3244251632134132,0.6929588980255871,0.8809985412149018
-5.892924883338242,-1.417887525549932,0.7277997009795648,0.9201910802417936
-5.845790827335694,-1.505825890911747,0.7605271140143663,0.9489227283182654
-5.783819220951201,-1.5840453726011934,0.8066545270240433,0.960393116038109
-5.709787931641483,-1.6509702611864836,0.8676886850059186,0.9627697246591023
-5.6258628034428835,-1.7050360336999906,0.9460162007419946,0.9592606069971319
-5.534828308390202,-1.7461215585319039,0.940883894058954,0.9454116277513837
-5.439270701254921,-1.7752721259087152,0.9213180379314836,0.9254099540924108
-5.3411900096418625,-1.7943554804572006,0.9194978974073779,0.9055942952918826
-5.241836109789134,-1.8050554468389435,0.9353698207720079,0.8880870955168495
-5.141984689593184,-1.8090716202467065,0.9313515763955902,0.8749313256215395
-5.042049492352946,-1.80821208007404,0.9322093581450848,0.8682128490934503
-4.942188100665201,-1.804140299793028,0.9362757426676228,0.864141013900869
-4.842383914834364,-1.7987753283694197,0.9260309308868175,0.8587760632926488
-4.742525933602114,-1.7946434504860351,0.9081070549627757,0.854644135763365
-4.642586384903455,-1.7937785709492073,0.897711488791187,0.8537791100951624
-4.542645629469645,-1.7944242768005934,0.8968739494011617,0.8544246852904083
-4.4427050290915995,-1.7938167836546839,0.8974784111052203,0.8538170802311118
-4.342789429014862,-1.796152570148722,0.8951425031047472,0.8618808776912597
-4.242846403254671,-1.7964710057129425,0.894822504398375,0.8793191127840361
-4.142927927810951,-1.7941828704179088,0.897104008384618,0.9044113023113959
-4.043010690985611,-1.7918964055536724,0.8993838162458208,0.906812560040609
-3.9431890744967424,-1.7870010126269649,0.9042638550264461,0.9098809662713486
-3.8435591042194526,-1.779089507358398,0.9121460749918586,0.9208414830868061
-3.744155357300591,-1.7686997012950727,0.9017480255861674,0.9295842057377031
-3.644973414667134,-1.7563606233871967,0.8936171292347376,0.9172291873232155
-3.5459791772344547,-1.7425896778553471,0.8980606634059806,0.9034355229287925
-3.4471175068864675,-1.7278931523614725,0.9127892951880893,0.8887114948568652
-3.3483200736263825,-1.7127690256689219,0.9279480528392323,0.8834448491138439
-3.2495125662775046,-1.6977111677263865,0.9430405648858604,0.8895163010526207
-3.1506215805022144,-1.683214152623674,0.9575696602729155,0.8942938187432807
-3.0515815631259753,-1.6697779714406298,0.9710329760416749,0.8809131850883102
-2.9523421811815855,-1.6579119199653662,0.9576234052371017,0.8690925271718632
-2.8527176047838325,-1.6501518139611537,0.9388329142667192,0.8613531829021234
-2.7529189230296542,-1.6447040613775608,0.9172532720968697,0.8564285560073934
-2.6530440815021135,-1.6409373616186582,0.9045651162909831,0.8647953190658502
-2.5531222626289174,-1.6388552657459594,0.8988826877073772,0.886076388057456
-2.453227219971972,-1.6356343910649747,0.8760756462211259,0.8959706034877368
-2.3533071669346803,-1.6335100781414735,0.8632008264317248,0.8938442592892147
-2.2534406242846123,-1.6294733119638973,0.8637111064809733,0.8898076431425705
-2.153544013348462,-1.6262766211371218,0.8639705938357835,0.8866099646271554
-2.0536387460248977,-1.6235938495426194,0.8747555160982894,0.8839257749326402
-1.9538347196671895,-1.618224562086293,0.899198524016601,0.8785588670990776
-1.8539573771518587,-1.614747668878065,0.9261612604620794,0.8750816264103194
-1.754077888509591,-1.6110690723583423,0.9298318028476172,0.8743527276960342
-1.6542516439617347,-1.6061429854939828,0.9347463947099153,0.8837506206217299
-1.5544734548643244,-1.6003179935223801,0.9405571245551206,0.9032954988296256
-1.4546313103232769,-1.5959171569668815,0.9449479493009708,0.9059235522436808
-1.354802364484994,-1.5910628180043762,0.9497914212920616,0.9010692017700929
-1.254937318840251,-1.587312612359776,0.9535333908646597,0.8973188415759209
-1.1549917320678431,-1.5870014971136923,0.9538427538728589,0.8970072575385137
-1.0550452549354596,-1.5876046264165256,0.9335451609532951,0.902801807364913
-0.9550985801877016,-1.5872625486091718,0.9134059320467132,0.9185654561509246
-0.8551983629154076,-1.5843011027440825,0.9065509588031385,0.9421960376595678
-0.7559387806064993,-1.572930234815703,0.8943646731499382,0.9676020495180895
-0.6579678562596136,-1.553354177827843,0.894904267491163,0.9945993892878218
-0.5625729101024939,-1.5237321277287716,0.9166338978957609,1.010380275119214
-0.4714089582247608,-1.4829628497980043,0.9576666764168971,1.0165570498460055
-0.38824754700655006,-1.4277980577506333,0.9190292507093237,1.0160530928951232
-0.3169221192214772,-1.358081456307038,0.8475196418722659,1.0065697006418093
-0.26051675730932916,-1.2757898093441093,0.7906430345958968,0.9874305240987857
-0.22072199340696488,-1.184249538626916,0.7507435554554723,0.9545772524950076
-0.19535228125872936,-1.087679580958508,0.7253558619874144,0.9116839067114394
-0.1821125363049859,-0.9886834789343903,0.7121137130755812,0.8664859869405499
-0.1776563650489534,-0.8888691512011909,0.70765726447495,0.8226060828039268
-0.17946454553277624,-0.7889543861973927,0.7094653409229229,0.7786273192186142
-0.18560575005272237,-0.6892015064840475,0.6891032685435277,0.7349704105974363
-0.19410615523597186,-0.58961575564582,0.6786997351381937,0.6998774837851672
-0.20296297363484048,-0.49006070549550035,0.6832773500657257,0.652972294884471
-0.20959886718591858,-0.3903384566377878,0.6899025053281878,0.6209385676874676
-0.21235426177973066,-0.29042829432982187,0.6925422957863325,0.6078069582883627
