-1.5878996771676188,0.657697601417279,1.1591033926618346,1.196989216602749
-1.488108245728584,0.6604052084877093,1.1684373681684923,1.2213208271266358
-1.3882842973770786,0.6610772385457302,1.184137541318207,1.2546528231603158
-1.2884748217913884,0.6590701222393921,1.185750982080291,1.2943088984611257
-1.188801237842496,0.6535554652893878,1.187612442305733,1.3398536954687739
-1.089376405907888,0.6447126061817139,1.194508043786881,1.3837912592900377
-0.9904280838052281,0.6315092737248347,1.1916250532073336,1.4354341366064818
-0.8921232812340613,0.6141742094259777,1.190685139294505,1.4876780046170757
-0.7949331496724843,0.591410930256093,1.1686843456984948,1.5463875412181325
-0.6987441563273572,0.5647068151752582,1.1504750355026412,1.4987161505905373
-0.6031073291745003,0.5360899332656327,1.1385140006832997,1.4418542445418774
-0.5080229121163404,0.5056742331648065,1.1169252391683502,1.3914867235905162
-0.41338258753141116,0.4739048696694328,1.1008697799203233,1.3479451266015716
-0.31908944613451656,0.4411162882993959,1.0683518647851689,1.311589465206194
-0.225320406088992,0.40686451886613834,1.0338851485791636,1.2796164571378275
-0.13081881118139682,0.37468854406161584,1.0103197100708325,1.2421471671975146
-0.03501475588923279,0.3466512266119838,0.9987489185847978,1.2076117022175772
0.06162512179464866,0.3216245440940178,0.9736055546334993,1.1739987161394239
0.15911348667926878,0.30016373487646086,0.9613985771852526,1.140448255339027
0.25798934086145087,0.2866284426775857,0.9639504965776444,1.1070800153645948
0.3570841959909455,0.2745334709582007,0.9518333626744191,1.0732308140416482
0.456212825564998,0.26272052848810556,0.9502866063079999,1.046717947421341
0.5555377507217155,0.25272272860544187,0.954750602739096,1.0251535743224856
0.6548947015706226,0.24302621769735738,0.9458147256855748,1.006089352703872
0.7543165635075458,0.23400147608616062,0.9480453976181664,0.9923829239426043
0.853723184494749,0.22484241684933778,0.9515126313054718,0.9747069645959818
0.9531020770328748,0.21540124655069956,0.9437827063942541,0.9663363608999429
1.052424113467224,0.20534645122530837,0.9459617586973085,0.9671025619864737
1.1516342497515528,0.19425612454135283,0.9456602958408523,0.9516323926584497
1.2508112886758818,0.18284624591074977,0.9342721489461614,0.946816023263667
1.350024194706178,0.17176826936044592,0.9257938257258075,0.9521643703472762
1.4493432831161384,0.16169501229514463,0.9290455960020315,0.9622409563326868
1.5485635870038716,0.15068532832482298,0.9269181249692087,0.9604390603992555
1.6477894011458405,0.13970744518422676,0.9159535419321344,0.944322624365977
1.747122250222906,0.12976636229740515,0.9095403432163514,0.9322595544702287
1.8466972605032528,0.1226224855362702,0.9168401048292535,0.9280005522902222
1.9462776343543016,0.11559056876409854,0.916706493038435,0.9343372358102858
2.045810222425289,0.10790260312867714,0.9135679728452651,0.9276737066826273
2.1453691136246364,0.10053139869004996,0.9158359458126514,0.9245858954375211
2.2449238336031474,0.09313651611350367,0.9192175362152449,0.9228803354271637
2.3444780635111555,0.08576019325733625,0.9134634330110238,0.9167208003709115
2.4440975216350385,0.07925853361895485,0.9126081757344715,0.9036903610638578
2.543675537469494,0.07219831302162248,0.9220641354375055,0.9021515698563835
2.643216284932046,0.06458693657725662,0.9157290073383534,0.8958661227239794
2.742828051743263,0.058027251835267815,0.9091671359513356,0.8946596671214472
2.8424009969439883,0.05084832062505517,0.9086123524174723,0.898265012926221
2.941935166423445,0.04319028077344434,0.9184917872296204,0.9059302053346128
3.041347729737497,0.034054974589700325,0.917963796079219,0.914115746950408
3.140861205658646,0.026125855003764287,0.927685360693376,0.9044648418916738
3.240390778097418,0.018368463631159137,0.9199220387423948,0.9056080467474324
3.3400127456373743,0.011950038223879723,0.9221171107026398,0.9120298470230224
3.4395934638945067,0.004947244571533346,0.9318603171157182,0.9161557674804457
3.5390846719134954,-0.003287487537405943,0.9331855331433814,0.9078314188092387
3.6386667791037395,-0.010297851409463078,0.9420649246036985,0.9092187973978307
3.73827591128346,-0.016956099675352998,0.9354037670227713,0.9040212574341082
3.8378000460239368,-0.02474039957668974,0.9381574715131134,0.9033260981464502
3.9373232303990116,-0.03253855126026496,0.9444404439855866,0.9064923738279669
4.036884718593786,-0.039804717755781385,0.9380925778114846,0.9071935294666484
4.136336108058585,-0.048506742802622946,0.9382646494147987,0.9012265046227788
4.235868485923847,-0.05619192862509521,0.9424286178735802,0.9052689752903706
4.335389900385835,-0.06401579350195415,0.9395071125129649,0.9130835630405585
4.434752661290456,-0.0736771019963444,0.9423314503989617,0.9142543028535547
4.534103581429345,-0.08346003404871645,0.9457677370011874,0.9104229943959483
4.6334933908108775,-0.09283755134640377,0.9478646185797324,0.9170987924343943
4.732992286766457,-0.10092336801059906,0.9502479533223658,0.9251693659613236
4.832470626868208,-0.10931219559655307,0.9457140588221086,0.9231839623695852
4.931967228356459,-0.11748026229240134,0.9519089011002805,0.9187725296647161
5.031564338247181,-0.12422924820885022,0.9518581894179209,0.9237610962568741
5.131218643350626,-0.1301178556345382,0.9508099435771359,0.9296349486646622
5.230823588964012,-0.13683759342862448,0.9580882907568334,0.9241220638992872
5.330414244875204,-0.14372451338649755,0.9573738266173043,0.9194134115578524
5.429955943194102,-0.1513234655531609,0.9497732137551321,0.926220730961144
5.529546591359868,-0.15824785663142069,0.9428474961784699,0.9331212631450766
5.629158677523669,-0.16482863060119898,0.9421199942283922,0.9362007025119526
5.728786573204796,-0.17111767140206793,0.9522076983788005,0.9315529961608903
5.828500297913294,-0.1759628137022014,0.9570529841481161,0.9261455497428528
5.9282394287399285,-0.1802477748563593,0.9691853866809561,0.9146632660064723
6.0279314445549055,-0.18549389982141284,0.9659170215659231,0.9102273342240089
6.127637308071981,-0.19049534891204734,0.9609138055819908,0.9152349096218524
6.227345055219097,-0.1954093362552952,0.9559980706894481,0.9201550236213791
6.3270159683353775,-0.2010669807572339,0.9581607528858594,0.9258196895630508
6.426714425144957,-0.20621400348399127,0.9704996645227129,0.9309730270159089
6.526482220093813,-0.20963350124015298,0.9670798341741097,0.9343974551276657
6.626284332397596,-0.21204976030276382,0.9734085776203509,0.9368180948803533
6.726093352130225,-0.21410865357658204,0.9880095944663535,0.9388814018844293
6.825822702980041,-0.21854807208847504,0.9835698277349118,0.942670260656279
6.925623161826141,-0.22103231475508664,0.9907122805508248,0.9451572086258337
7.025393030316701,-0.22447491731423816,0.9979827719450524,0.951770681690655
7.1251270327981535,-0.2288791805338157,0.998733884981098,0.9696201225698542
7.224808019916005,-0.23418951356095571,1.0039277423443995,0.9980467120712361
7.324231723696172,-0.24317805965426176,1.0085004697415325,1.0334260183742994
7.423598871933882,-0.25278971214022583,1.0003800034395869,1.0693877284934934
7.523134325766669,-0.26041946757602474,1.0041701101796752,1.1034938312581521
7.622896051227838,-0.2638482167296023,1.0149771538497492,1.1386771348757343
7.72266897288956,-0.26119240307113023,1.0297589058411418,1.1757868176827748
7.822098643633044,-0.25252928311237127,1.0486631651868648,1.2145784012668213
7.920294841590491,-0.23481659369283847,1.0694765236296224,1.2519241491603506
8.015711819384714,-0.2057140837418084,1.1097755911970046,1.2799888214934474
8.10635318722291,-0.16409213196903066,1.1621645354608856,1.3005637943343824
8.189184090438317,-0.1085592983506431,1.1770914934099637,1.3128274289051867
8.26229883469642,-0.040742853534345744,1.103863087004462,1.316581992890248
8.323715312331199,0.03780496749990446,1.042906378703586,1.3048493756894148
8.374084441155462,0.12393268776342185,0.9934380862964197,1.2873080271477277
8.414868466411448,0.21499729569605236,0.962100703464719,1.2666316074480173
8.446740795538421,0.30956590243623305,0.945653300570664,1.2398557628270575
8.47077861277936,0.40643192257917904,0.9214944961920419,1.2052929671878823
8.488560794947078,0.504654233376516,0.9036536944266158,1.1689914629174034
8.501287729790064,0.6036606544431563,0.8986219703530516,1.1303385158805528
8.510197999745806,0.703089261372377,0.9004860308475002,1.093157167624311
8.516007700128425,0.8027446373911236,0.9012691803291132,1.0610747591448295
8.521181149431875,0.9024411263253923,0.8965257452323808,1.037013123114386
8.527129135101555,1.0020934247626139,0.9020929916637933,1.0066172469408925
8.532520080255543,1.1017781547542986,0.909299625677537,0.9747346840010342
8.537583939935617,1.20147809017464,0.9057467642241471,0.94674458250353
8.542333984689186,1.3011950924603408,0.9134711806883403,0.9241785817479433
8.54550964953972,1.4009668907287647,0.9209614923343777,0.9104708340544384
8.547353024910297,1.5007792642456157,0.9216957865336184,0.9024892629334712
8.550053191399885,1.6005714188752318,0.9323253299798508,0.8890258949609235
8.553038596163656,1.700358004217155,0.9418081909554958,0.8814861338061047
8.55623677834538,1.8001350905267555,0.9512998543504397,0.8692857533303543
8.559965166615855,1.8998968051567495,0.9561518054728658,0.8689934655824567
8.562731778488903,1.9996857673679387,0.95338554216772,0.8717568161508582
8.566267313936969,2.0994542691134224,0.9544748312318149,0.8752886950281811
8.571346570609935,2.1991517626346138,0.9644097425538709,0.8803630005409556
8.577050951718991,2.298819983864621,0.9640583116799908,0.8932534961451641
8.583575108510793,2.398437069443235,0.9575332649618122,0.9176807349581674
8.588524839422199,2.498144657778146,0.9525830348705727,0.9495544318758343
8.590403767934731,2.597957881318292,0.9563337297394068,0.974928006547005
8.591738940434833,2.6977788823883744,0.9709282662949331,0.9777977074662156
8.596805665305746,2.797470375093031,0.9693959800442733,0.9944278009460114
8.605155154882393,2.8969516738907406,0.9610422176171729,1.0237113350430418
8.612971645964311,2.9964750474571935,0.9598274402503536,1.057977329333985
8.618051867451626,3.0961707109712573,0.97165907571579,1.0928420007453195
8.618461053716084,3.195987665747502,0.9729241288774653,1.1312456307749719
8.611906876836523,3.2955766233973054,0.9794704201191945,1.170696593830391
8.595940699088768,3.3940747375255778,1.0025856954748569,1.2086339378302196
8.569765328370961,3.490327881509521,1.0443529680567378,1.2417319754808573
8.528688647193704,3.5811498105160355,1.087590096644812,1.262017648507401
8.469318379720729,3.661114085469823,1.123145094464756,1.2689023340756087
8.392107602732482,3.7239496325684467,1.074707547261793,1.2588135482428737
8.30177936525179,3.7659645935364057,1.0334033409727157,1.2320820528505185
8.204791000228422,3.7890962480275276,1.017829951569206,1.1935726958068171
8.105358717296312,3.797018143127641,1.0272612269433616,1.1479192057628234
8.005629631696529,3.7939283045971424,1.030670927354708,1.0992761378165241
7.9064187889082405,3.782929347643347,1.049917795132857,1.0493525145234217
7.80800400162206,3.7662443075652647,1.083476174954148,0.9952020218119911
7.710218045965745,3.7461557503075413,1.1120618866701575,0.9453875105618826
7.612747626555147,3.724579511894109,1.1391785270783004,0.9024821598856203
7.515065101549912,3.7039949461373296,1.1002870842279022,0.869952131131728
7.417494823579523,3.6828715148526343,1.0698600552855617,0.8407685568099859
7.319759093464833,3.6625374956680994,1.0473008273990954,0.8195927859575138
7.221995810209242,3.642329156717371,1.0177339400189418,0.8103781323696551
7.124145427081617,3.622545424568435,0.9932286192573861,0.8138350161952123
7.026224406132665,3.6031157074710505,0.971181433512446,0.8297343002959354
6.928171072659716,3.5843776507997958,0.9513283172320594,0.8133718649712777
6.830311499621815,3.564649551569283,0.9322310188541092,0.8073146399351593
6.732821615611831,3.543159778402626,0.9150997007968984,0.8117669069144404
6.635735054450757,3.5199178374513473,0.8901543118172902,0.8151007190251202
6.539132692429858,3.4947512316332907,0.8769241612712607,0.8164737952022579
6.443066714543481,3.467623716333106,0.8768205007955084,0.817598652576842
6.347440563080063,3.4389590479179177,0.8636490481680865,0.8232214148797038
6.252502764838958,3.408094520901018,0.8587493429364668,0.8307884863365946
6.157956765478559,3.3760506880697805,0.8579563640498871,0.8305900927011034
6.063787824367429,3.34291035907011,0.8464261696669473,0.829022557956113
5.970178685561268,3.308220288070935,0.8445428961593789,0.8270628056326623
5.876761492340928,3.273016330293131,0.8368883000227043,0.833873701851951
5.783444420163745,3.2375514431518155,0.8370923808785656,0.8325309337994509
5.689848653222062,3.202830460607418,0.8306904787559002,0.8372004688559133
5.596371992838006,3.1677824444999456,0.8289370279101987,0.8354321835777181
5.503343724394766,3.1315703590461674,0.8259223333065953,0.8359656917701255
5.410110957710403,3.095883108363673,0.8237055662954178,0.8432024985394365
5.316602362853605,3.060925142581463,0.8195363271697095,0.8343886292438508
5.222821166283246,3.0267053980005847,0.8171447458241313,0.8286152334009909
5.129280338270942,2.991838024163891,0.8196159907179279,0.8341395240889893
5.035900403439865,2.956540267447014,0.8272342430882333,0.835548800918471
4.942780481879506,2.920560205130263,0.8248272071102919,0.8300970801491316
4.849701881426252,2.8844741974823864,0.8261147026284826,0.8258846406246853
4.75681632372698,2.847889343342764,0.8307732899247566,0.8331616603125122
4.664022881836046,2.811076521903214,0.8413092348538926,0.8470536153388181
4.570843407296958,2.7752530455925006,0.8404509248086036,0.850968060590396
4.477320014859937,2.740331029656893,0.8349722969170618,0.8624400609404606
4.383408596198199,2.7064796534949886,0.8402555992704065,0.8786884561531841
4.29058232108544,2.6697463081109682,0.8468446641700025,0.8805706708592415
4.197942859384437,2.632543013505209,0.8384777758865292,0.8918563389927243
4.1052205488567886,2.595546802976704,0.8277779211848616,0.908670852185793
4.012315010546993,2.559015506940817,0.8285490411744307,0.9273327720328312
3.9187609069112943,2.5241791262888524,0.8191338974227104,0.9526571335522082
3.8243332912016927,2.4917944756279424,0.8173593819022423,0.9865807883440912
3.7291027531005283,2.461848421572361,0.8185926511645075,1.0257780155263638
3.6329209297894853,2.4351194062265513,0.8239285374680306,1.075722737354308
3.5359118098878954,2.4115871181555395,0.8379357794934137,1.0514674377794175
3.4379800826940214,2.3922388155993484,0.8416004582401092,1.020851459373994
3.3399143302259287,2.373573825059164,0.8516182997917554,0.9999971404246952
3.24144337548857,2.3571521698111924,0.8708089573380023,0.9835427643609463
3.142603015252889,2.3431956595361365,0.8983705898386319,0.96662848017838
3.0431705343285715,2.3343841219829033,0.9310704784905157,0.9454867422661157
2.943453625881276,2.329707469613616,0.9614589354712554,0.9331789292408448
2.8436429249170034,2.3279515740460393,0.9900688940332831,0.9174797997396181
2.7438578200356445,2.3306107500527236,1.021510519072694,0.9084635872999426
2.644389266401973,2.338933173318443,1.0558563077213392,0.9068665705908947
2.545497455289042,2.3525126282554165,1.0858138535554733,0.9095351675715427
2.4474357857120594,2.3711723752935288,1.1191425807979711,0.9235969991481635
2.3504033875660713,2.394613931024387,1.1542740375400538,0.931632619241078
2.2559470835316846,2.4267484211958035,1.18225767885122,0.9540310800657231
2.165721982624878,2.469317123884323,1.207207662256367,0.9962970581851555
2.0817774560465954,2.523186785841393,1.2273756007635177,1.0495969588437417
2.0064832511428645,2.5885804030775144,1.2343633500308846,1.11466164263702
1.9419760241349042,2.6646329569999603,1.2330390482377096,1.1186629437071698
1.8895736304671136,2.7494973367024125,1.224797285901129,1.0546344505509633
1.8494989037007576,2.840854617623022,1.2066329059332526,1.0086492420249151
1.8209834044043172,2.9364717411630368,1.1807751678678038,0.982609712009568
1.802688804797653,3.0345735159809886,1.1526016625415623,0.9746727844099331
1.7940708925388005,3.1339844653794864,1.1229994888032375,0.9788798064061452
1.7931633793229094,3.2337899640975607,1.0864513840382999,0.9936699976021035
1.8006431037570176,3.3333178570552895,1.0498455054905549,1.0237034030638643
1.8129506162320042,3.432383015215483,1.0170267973432972,1.0621769289586371
1.8262945496885,3.531318032629654,0.9921729771790752,1.1058115880686228
1.8364902666413458,3.6306133634318583,0.9800936283952563,1.1537376619127955
1.8388846770269496,3.73037465499447,0.977697963807983,1.2014439472848535
1.8327247375597713,3.829970748985491,0.9838473328062824,1.2480462452412824
1.8170433752102626,3.928510416164966,1.007352310649731,1.2873197725514005
1.789917067733471,4.024507004268129,1.0505622524343547,1.3207829438711927
1.7488725073698714,4.1153823174779625,1.1129951673674545,1.3469295641148336
1.6923044803514153,4.197452723295586,1.1798273988104493,1.3626533296919205
1.6222575767622336,4.268406685868682,1.1284116356555658,1.3617514683090897
1.5410832306718416,4.326291717250433,1.0727824020689993,1.3501650708631712
1.451405752883819,4.369934423108087,1.0346232960372086,1.3293604414421427
1.356404315097367,4.4003737094819435,1.0189445326617625,1.3011157868030365
1.2583671448818414,4.4188833759917765,1.0051051747507944,1.2615750998785484
1.1589906629068536,4.427912166789025,1.0021867011843046,1.2134170501760333
1.0591840000698869,4.4290307040662125,1.017001833444414,1.1645932792011096
0.9594839490039497,4.424143051467084,1.025001637354327,1.117068683232169
0.8601042987874994,4.414711291872234,1.0412444698982493,1.0725220000380529
0.7610467823507734,4.402318434725451,1.0694530916618865,1.03290935041686
0.6622084429192933,4.388282754610552,1.086040014284247,0.9927967457087912
0.5639550432588538,4.370620765630328,1.1036542119536419,0.9493023060907572
0.46604699994183263,4.351153498046281,1.123068867271412,0.911457420458299
0.3683626435746637,4.330568478296863,1.1371147613283976,0.8822166647518179
0.27076266265213417,4.309581236326553,1.0996104093370687,0.857232071849376
0.1734415247994438,4.28734687334254,1.0633068789806632,0.8270886058924873
0.07644314148088498,4.2637375357408365,1.0283352777682597,0.8068307198799809
-0.020244072890989694,4.2388887589112,1.0016255115121262,0.7973515449936112
-0.11634155738384698,4.211854426082554,0.9866100779731257,0.78895453781215
-0.21223413317404544,4.18410000991891,0.96186869786791,0.7896576340404549
-0.30754737605578253,4.154436388001806,0.936045078556949,0.7984501772260094
-0.40170143029174915,4.121266383455505,0.9155412868974931,0.8069038338704813
-0.49477438692304676,4.08518410020371,0.8932652609709303,0.8243928909113999
-0.5865965989182403,4.046019916178398,0.8788211822860589,0.8429043894635834
-0.6772988832557787,4.004326296102825,0.8657534867266532,0.8446750594977237
-0.7668155085583065,3.960134421960712,0.862239282003613,0.8464923568020836
-0.8551380765957978,3.9136108788023884,0.8509254090512144,0.8540179758567334
-0.9428712008935373,3.8659805297904133,0.8420881313557181,0.8592961550529814
-1.029971588311481,3.8171991684516016,0.8364555437693546,0.8670754772395536
-1.1163909943338224,3.767222157092315,0.8322330514025092,0.8744858428517398
-1.2024760849187683,3.7166696382850875,0.8302463798059643,0.8807823420366131
-1.2882145791585566,3.665533676851958,0.8365362861460971,0.8864360774884869
-1.374289518662535,3.6149630619880315,0.847314487206604,0.892782636575959
-1.461314436913485,3.566049332867097,0.8478937349000606,0.9010711284811775
-1.5489484416092174,3.518235989007395,0.8522733276726995,0.9106466784599757
-1.6374015265237154,3.4719535473295107,0.8606454047382157,0.9219820282476153
-1.7268610537668314,3.427646481253543,0.8671873072351636,0.9344302097929053
-1.8166116433707697,3.383932900668126,0.8729776022670992,0.9454899912284751
-1.90701782384193,3.3415985491876787,0.8794887246125732,0.9459248308464452
-1.9984670494554633,3.301564179598042,0.8880892408729582,0.9501561751083787
-2.0905728310020173,3.2630721006751764,0.8816880406820472,0.9629770388668978
-2.1840872356736964,3.228139877574726,0.8827382989815424,0.9652176027513709
-2.2788394397104126,3.19670799759237,0.8874190702856111,0.974146298713718
-2.3749846933843144,3.1698887451753675,0.8873351919116036,0.9785485838360006
-2.4723364059109514,3.1478522890618654,0.882373427245187,0.9956516958469829
-2.570564935539283,3.130123149665245,0.8730760969115563,1.0064363619645869
-2.6696577548921026,3.118100407759412,0.8580870155844708,0.9944356319693344
-2.769178466324651,3.110312228413496,0.8464665886332658,0.9866595147890773
-2.8689466752666775,3.1073834116361216,0.8307414091765712,0.9837359080783752
-2.968764450138057,3.1087252081912324,0.8137315464372,0.9850806045173325
-3.068529494103329,3.112257180422018,0.7923223031322231,0.9734360621338807
-3.1681266232912546,3.1190043240304774,0.7799321254451859,0.9450113891158627
-3.267551642785378,3.127911044119582,0.7710229877635439,0.9202518553834362
-3.3668168540488588,3.1385120987996453,0.7674756575924578,0.9036508516262193
-3.466046416142195,3.149419667851582,0.7746236953253676,0.8873821207080043
-3.565146394636192,3.161474247268599,0.7707628469115757,0.8723407173078493
-3.664104788246397,3.1746270330744597,0.7786745910790311,0.8629865838643574
-3.7630205448545264,3.1881088851731905,0.7923469881032009,0.8578466081581702
-3.8617616761352878,3.2028139365497132,0.7986289663474941,0.8539775624662036
-3.960256682126844,3.219085684782918,0.8057297880403557,0.8484704787129613
-4.058357516789374,3.2375622275499136,0.8227640143187195,0.8400130607068342
-4.155699255333493,3.2597075981595203,0.8297123882141232,0.8369523217162428
-4.252370899201361,3.284599542209056,0.8417867740749818,0.8335725003234464
-4.347854012509123,3.3137209488949173,0.8565644777559829,0.8362383725308695
-4.442600195641126,3.3451675691786633,0.8527403858883066,0.8476538675822822
-4.536561423030879,3.3788796416129756,0.8581792549288167,0.8516105775028632
-4.629603197905019,3.4150562714034916,0.8638432041005448,0.85801597541887
-4.72214591894872,3.4524978367862826,0.8670347375162638,0.8658265655024274
-4.8137430337075715,3.4921869785779145,0.875896597593331,0.8673424326912657
-4.904520929160378,3.5337260148529217,0.8763302931870589,0.8755688588349074
-4.994957858697849,3.5759967373914936,0.8800813189516927,0.8815777162774467
-5.084550731559163,3.620021093227095,0.8802989691544314,0.8837219169049306
-5.173609129208994,3.665129749183407,0.8792919278136998,0.8862089886598982
-5.26224858160684,3.71104043527366,0.888663550684318,0.8816308044754622
-5.350681240363552,3.7573624136141532,0.8887433644011319,0.8887755091747842
-5.438970228226777,3.803958903510337,0.8934447820836312,0.8942088239004625
-5.526769815440592,3.85147080557682,0.8938430813998559,0.9042787435808339
-5.614125172986543,3.899794956159369,0.8931121899028733,0.9088501544278977
-5.701186911391287,3.948643814220543,0.8921122734440123,0.9118298394190695
-5.787558871415224,3.9987011718658962,0.8909616606310974,0.9106025787342463
-5.873154597674872,4.050072370551288,0.894956655096213,0.9048552954504314
-5.957983637537109,4.102704907490211,0.8989802185825382,0.9040497557770424
-6.041760036219035,4.156993551443175,0.8876584013616698,0.9161456358638773
-6.125172610910446,4.21184062094898,0.8838074578753986,0.9155394239456768
-6.207840910960461,4.267803181163997,0.8839921923643738,0.9153860210615625
-6.290112870471062,4.32434594854992,0.8835102762610374,0.9085437590929668
-6.372473772338428,4.380763379859384,0.8817654223582404,0.9011778837824497
-6.4549522294971515,4.437005488166652,0.883173020560035,0.8978941386541585
-6.538407923410477,4.491789632719508,0.8849176813910842,0.8894705201917579
-6.621455413933014,4.547186441041352,0.8859621233786465,0.8861427072616119
-6.702859788243989,4.604966738239392,0.8841493076061937,0.8807950792371414
-6.783043038864059,4.664437470935519,0.889740294369793,0.8834502932867402
-6.8629352184477295,4.724299153236224,0.894240767114708,0.888299550975699
-6.942620043049559,4.78443694282437,0.8898111149303056,0.8934584280217238
-7.022544459708165,4.844254355832128,0.8935180779237808,0.8977443107886369
-7.103665960865323,4.902436650436668,0.9018626059870416,0.9012452509078845
-7.18573857432309,4.959268067629414,0.9132739882329423,0.9075266234732563
-7.269285091958802,5.013895223786217,0.9337467105087415,0.9183568570275112
-7.354871315136739,5.06527979738542,0.961614147020261,0.927892825646613
-7.442786053142972,5.112556157898512,1.0029733388736104,0.9382188185240852
-7.5327119568004175,5.155885503416004,0.9683350425383832,0.9480650337230578
-7.624705209203422,5.194634991204857,0.9298347609201039,0.9440897604754408
-7.71834105986988,5.2292100665024135,0.8955238751237888,0.946171881315787
-7.813785481087517,5.258427592145129,0.8673852500016784,0.9531075777846449
-7.910951072010596,5.281214668655658,0.856739864900693,0.9637782775657759
-8.009410603545714,5.297627376232307,0.8520646826864391,0.9564122551941401
-8.10859786997269,5.308929358260738,0.842344104568025,0.9467728240144283
-8.208184607593795,5.315782938577087,0.8488385002663015,0.9431468782519179
-8.307970564068977,5.318786274449829,0.8582416968221969,0.9303042417754411
-8.407798296523405,5.319136296634626,0.872075353127916,0.9210482989606109
-8.50762215018312,5.320079380806254,0.8789961763948161,0.9040450184270228
-8.607334645922919,5.324821688483282,0.8742571112896311,0.8896922301639931
-8.707107360813437,5.328229869573378,0.8708508192970996,0.8850830395726443
-8.806871316479214,5.331814874427098,0.8710718501602098,0.8831032348180768
-8.906616907407788,5.335951608286072,0.8821129845193871,0.8872435828774412
-9.006395849744646,5.339054035904709,0.8897645844733044,0.8661473997901383
-9.106105074965237,5.34395964344094,0.9008655218761711,0.8535742232145536
-9.205809666423214,5.348953514372628,0.9058788913633782,0.8526717397874243
-9.305359013548395,5.356352602484914,0.9153339276914882,0.857432634231486
-9.404690255484244,5.366329660661985,0.932187015640663,0.8731051612653998
-9.503879448391956,5.377625094796727,0.9215758537794196,0.900902714576688
-9.603298058530866,5.3866361938304435,0.9204281228855542,0.9364543788657416
-9.703004232908915,5.391367965882858,0.9331201582142681,0.9761234837388366
-9.802797625436426,5.389700042696433,0.9347854861673124,1.0108677233342738
-9.902072577820357,5.3795270910310435,0.9449331172425289,1.0462678704499604
-9.999969478834858,5.360146539855648,0.9642404285764427,1.0812921989613442
-10.09480204883948,5.329229335587804,1.0024939035282872,1.1132223942780244
-10.18418803262486,5.285003006585826,1.0518472802198515,1.1395609187498017
-10.265613538611174,5.227442222202087,1.0996143537906773,1.1590379289876571
-10.336695874166336,5.157500919943828,1.1283846495947611,1.1632497214375745
-10.396077682511706,5.077367472982001,1.0809861974084465,1.159748354409184
-10.44310645372252,4.9894194613558085,1.0408051332604855,1.1501936574928033
-10.479830457634774,4.8966300769662015,1.007907847481696,1.1378630690882878
-10.507896468522663,4.800855615428141,0.9931320174836106,1.1250601148071666
-10.528581174515079,4.703211703218512,0.980350371515205,1.1134201533762556
-10.543327345272903,4.604489281417267,0.9698379773492861,1.1010536018405577
-10.553444553043462,4.505179333100536,0.9741965440805228,1.0841020438532982
-10.560106554608415,4.4055733804604245,0.9737936380786816,1.0648887539355365
-10.564626709825902,4.305848124474795,0.969273418630822,1.0413517055326182
-10.568637771650996,4.206105157821468,0.970453309048609,1.0184600710585419
-10.574814993857675,4.106467089732901,0.9796918314696691,0.9977111871421686
-10.580609502540774,4.006806229697456,0.978345560937638,0.9766108055923155
-10.58556142064011,3.907099430436326,0.979544301273695,0.9619193936240289
-10.590241444012667,3.8073838325594194,0.9911187308149882,0.9571939592077068
-10.594166322040024,3.7076336238773524,0.9899437125092737,0.9611240484148852
-10.597911074268202,3.607874369764189,0.9861981155792091,0.9658248566046681
-10.599988050259217,3.5080680666919406,0.9912169479562736,0.9728391614765421
-10.599268174412975,3.4082511072600914,1.0088960204903203,0.9834444491724795
-10.59280179184753,3.3086485829199788,1.01655215514235,0.9982819154145435
-10.579425759594479,3.2097414381716254,1.0375603131127293,1.0067791149683822
-10.557966681206782,3.112280143529218,1.075115801612829,1.0169063373389728
-10.527289530270938,3.0173316911086134,1.1070885511793518,1.027217500552804
-10.487292032106147,2.9259016931387856,1.1468616992205458,1.0372131835915908
-10.439143940449593,2.83849348667124,1.1301676438582426,1.0436560486463864
-10.381947903328506,2.7567535306211415,1.0613310575196409,1.042136332048782
-10.314035003043506,2.6837006263541787,1.007497831441352,1.0292219118630528
-10.237805269625175,2.619321104746429,0.9655550927485851,1.0138818183756495
-10.155739468150182,2.562526136712595,0.9417368057609713,0.9960577801403534
-10.070324205889042,2.5108647638008015,0.9342150628358821,0.9722763357128866
-9.98305857902485,2.4623829061906273,0.9409841559306755,0.9470018861074204
-9.895530806164224,2.414371090664966,0.950613132810742,0.931255930756782
-9.808180534911282,2.3660375054174048,0.9523835511816185,0.9221008477673318
-9.721945714327418,2.31575043224279,0.9438291986030041,0.9201213639713984
-9.638308157452768,2.2612858047247637,0.9408780453985084,0.9337762730941505
-9.559958190327716,2.199497940181019,0.9394761914875303,0.9662102571572209
-9.491184735168098,2.127328464705285,0.9345348102940993,1.0150540449680012
-9.435462310684532,2.0445961572895572,0.9234148277176656,1.0116812376442132
-9.390056386901177,1.955743846671276,0.9021824921335676,1.0213657060587398
-9.351051228395011,1.8638651635323324,0.883061032253226,1.0408201234830834
-9.316079977958822,1.7703614906992078,0.8706331096786841,1.064507219042514
-9.281495391623821,1.6767126935909764,0.8691500550826703,1.0953382370221463
-9.24413008033145,1.5841482042589636,0.8800037347361456,1.1314246027692818
-9.20190399208591,1.4937132709898326,0.8987276809649855,1.165470619522603
-9.152797978911542,1.4068410833568743,0.9350412196642034,1.192166062654802
-9.092721748145642,1.3273156109446882,0.9911977249748081,1.2100285116819445
-9.018315333343224,1.2609721092130715,1.0672798802660557,1.2166310738320663
-8.934326552831928,1.2071494755064234,1.1033212077047254,1.2153377961156568
-8.843937742863396,1.1649109617775064,1.0660459366737864,1.2015800523346427
-8.749504534301208,1.1326509718892488,1.0390761684380245,1.1852717997086069
-8.652387649803945,1.1096517353181579,1.0307933062965724,1.1674987035145792
-8.553555556418917,1.0956999228360895,1.027887503583262,1.1392335841144972
-8.454088056123139,1.0873142451372089,1.0351996228791251,1.107916485619216
-8.354356297126923,1.0829749463332843,1.0342873412700182,1.080943289224861
-8.254543607073655,1.0811032737934834,1.032415535172728,1.0559247937222676
-8.154721161806796,1.0797798189456858,1.0380211251475187,1.0303876636980072
-8.054925837098233,1.077145981183113,1.0518164986533147,1.0113523142861505
-7.95514006576977,1.07415854422104,1.0507302268964507,1.0023016635452853
-7.855353182522814,1.0712610927140558,1.0556174456565093,1.0030631094515143
-7.755608304068605,1.0671857022921052,1.0686792547298993,1.0071309027629662
-7.655884990636503,1.0625421987079129,1.0722065198138033,1.011766098597909
-7.556137793513851,1.0584477329007647,1.0769754758723489,1.0035909340729932
-7.456378360887585,1.0547140778227335,1.0820644883611783,0.9961359656849794
-7.356605487814331,1.0513734305335902,1.0881489625388212,0.9982622424034829
-7.256823384468117,1.0482357918487308,1.099944598938042,1.0013910708098612
-7.157039007508969,1.0451812329263264,1.098046929416743,1.004437047209077
-7.057326640975814,1.04030783596234,1.1033909993290223,1.0092980431324658
-6.957622389048677,1.0352704387113687,1.111681966129179,1.0143228126020043
-6.857912288197889,1.030354286753066,1.1088111366332483,1.0192268130884679
-6.758131014665401,1.0271919252389774,1.116651822257243,1.0223808529176017
-6.658355463373573,1.023852373823758,1.125061452745902,1.025711849717347
-6.558617031630488,1.019650476717868,1.12377734260711,1.0299034443227073
-6.458867180739038,1.015628336800866,1.13151411281316,1.033915916497296
-6.359125240202882,1.0114504507940234,1.1375518217511595,1.038083886397364
-6.259382898323478,1.0072684761010586,1.137138930059776,1.042256079865837
-6.1596510777994276,1.0028342513817927,1.1452092127240807,1.0466801473348102
-6.059989028823698,0.997029830849708,1.1481137560626713,1.0524714625607983
-5.960276266181731,0.9921935791219333,1.1478784077419224,1.0572970197086249
-5.860682949422598,0.9854497887058911,1.1543953386741006,1.064025399934902
-5.761300505822323,0.9760088130973507,1.1521569437132122,1.0812157989140139
-5.661905718487774,0.9666957011553573,1.1482435982702666,1.1005756572641456
-5.562604132384665,0.9564460787679306,1.145249617577167,1.1265723525357214
-5.463389494982768,0.9453773496499004,1.1466548161437247,1.154219538662578
-5.364414000994881,0.9323800850305413,1.1336439387222284,1.1914060742640098
-5.265708233863727,0.9174481813277451,1.1248534579060954,1.2322760935170884
-5.167313936148361,0.9005763729773013,1.12292476508098,1.2471437307558708
-5.0689390706154525,0.8835948973617153,1.1099967843908682,1.2415788702535673
-4.970632684381184,0.8662129844782002,1.099426222154523,1.2402807529155204
-4.8723511692273025,0.8486902720347392,1.0977258056508097,1.2391501620636949
-4.774156941776427,0.8306983211784225,1.0822619413672732,1.2309368046157911
-4.67593204379032,0.8128645319232308,1.0719272256491001,1.221889638782345
-4.577428646204951,0.7966473038728155,1.072478312298367,1.2112419214029972
-4.47858768607546,0.7826316731795535,1.0594209067944458,1.198409798380286
-4.379519468652404,0.7703235812418211,1.0554415018319379,1.1872813541607272
-4.2804192194219075,0.7582776304196766,1.0604267192099406,1.1683484846859027
-4.181238228688923,0.7469113174295642,1.049042343535117,1.1539814865760336
-4.081864194691154,0.7373954268044755,1.0487330966026154,1.1446085941696458
-3.9823269144672317,0.7297493413969741,1.0567169535547347,1.1200907050035638
-3.882770305499973,0.7223636271963448,1.0493491711874392,1.0954527545843158
-3.7830888904136626,0.7169448240269127,1.0439416526772975,1.0738394439353613
-3.683296971454856,0.7142123374964059,1.0418011829855087,1.0496286237236652
-3.583499222908774,0.7116837575009769,1.0494007869985822,1.0252330743293183
-3.4836947599975914,0.7094392248528484,1.061048492366794,1.0051384164306223
-3.3838990363031414,0.7067815249467734,1.0583934872811924,0.9951163576235799
-3.2841221115206807,0.7035560737584192,1.0567132662408596,0.9956261599660229
-3.184342124704952,0.7003561324904306,1.0644601527321693,0.9988212379767994
-3.0845565147471445,0.6974067546074814,1.0737411331542244,1.0017660042130414
-2.9848063000852956,0.693381076241797,1.0697183519246034,1.0057860762093624
-2.8850235309572403,0.6903972970580445,1.069204859563454,1.0087652988056872
-2.7852200576758634,0.6880367171782077,1.0785939628885446,1.011121975180444
-2.6854207662841936,0.6855040096791563,1.0866646146856143,1.013650690587697
-2.585619076243702,0.6830685232834509,1.0875990760674716,1.0160823023077303
-2.485822135256989,0.680545503159739,1.0975632092801475,1.0186013700662295
-2.386069900853153,0.6765703891634288,1.1032731682343506,1.0225713276326742
-2.286296799657947,0.673256203524703,1.1042227553035373,1.0327842139650407
-2.1865542332365564,0.6691295884881343,1.1133472827047375,1.0531974053224038
-2.0868181913420867,0.6647681752491301,1.1209555210946676,1.067220777094216
-1.9870620585736185,0.6608953169819249,1.1281025588220537,1.0877793337196995
-1.887282327333768,0.6576906813905815,1.1339020288843165,1.1162841646105894
-1.7875120850764081,0.654242653764746,1.1363648225162908,1.1439398624227657
-1.6877000928928865,0.6552700325730786,1.1519430395871662,1.1688100068815626
