-0.4647550735518967,1.85677706942738,0.6567653885342655,0.601483580145667
-0.5004762442413535,1.9499079179283993,0.6537382948846086,0.6062010375748937
-0.5359007451930244,2.043157773738801,0.6654993427861068,0.601374050662704
-0.573872591905782,2.1354054380889735,0.6558189205340383,0.6064078302646279
-0.6137688894782234,2.2268236029780177,0.6470521483693388,0.5869691311895594
-0.6513053881424609,2.319227356138233,0.6462460771429451,0.5835675642838559
-0.6853191568304563,2.412996246600695,0.6417524728295105,0.6007210955069036
-0.7194664278294188,2.5066648537375396,0.637926067200649,0.6098232015738235
-0.7556511523675331,2.5996304394982865,0.6355004806560651,0.6118294280812709
-0.7910677036985894,2.6928929782465234,0.6327615122202355,0.6158603388140081
-0.8295336047463671,2.784895712869619,0.6368622737148845,0.6256796437086319
-0.8649897741529112,2.878143105062682,0.6308978846161251,0.6292720643247849
-0.9001946090728074,2.971453855298143,0.6282194599887261,0.622484847396214
-0.9352309528469415,3.06480248358789,0.6256431890553603,0.6317371071555731
-0.9688022898680475,3.1587444091528156,0.6212259850880264,0.6535286534396814
-1.0040704759088053,3.252055339375696,0.634478985378884,0.6488013892642202
-1.0433521253470557,3.3437193653479342,0.6393337654870866,0.6426637637287211
-1.085002757507277,3.434337667328669,0.6611283509883973,0.6493486236709487
-1.125874250032193,3.5253385104859936,0.6625801714630715,0.6322796733616226
-1.1688178859880556,3.615380434915624,0.6678288407527201,0.6256528168653761
-1.2115517678663466,3.705525057134969,0.6708002068696505,0.6350602229797816
-1.2510366304537202,3.7970720105084816,0.6554794020719603,0.6406732099647562
-1.2914978051562516,3.8882517239612877,0.6428038122769499,0.6259002612788439
-1.329770190176772,3.980376318896412,0.6395840293940456,0.6162266035094709
-1.3668307025276885,4.072997630782816,0.6505141625596459,0.6071848163687737
-1.4039771085907478,4.1655843126928875,0.6431777800948261,0.6143317153166418
-1.4446591647272016,4.256628605036142,0.6410513725354515,0.6051356975254939
-1.482077057442775,4.349105806457714,0.6416210753386075,0.6058931402700912
-1.5189902038460878,4.441786268275912,0.6486472914491345,0.6148970003072958
-1.5582591405426127,4.533441753530537,0.639297863384504,0.6245997494427968
-1.5988902128376743,4.624522385826248,0.6468689673677984,0.6074691617515054
-1.6361060806358534,4.717018674287176,0.6484696385786511,0.6070013745181342
-1.6721952802117803,4.809965977261841,0.6392083273818571,0.6205231224113035
-1.7086993305768965,4.902769939278174,0.6371677990639146,0.6083745173062536
-1.7430242427208364,4.996439749984686,0.6426780623778521,0.6147664466962127
-1.780453139997742,5.0888664869697395,0.635763968130815,0.6220918840484513
-1.8184526249478439,5.181046062564296,0.6331783645234218,0.6121159107170312
-1.8566967420684468,5.2731663996686065,0.6464060605829274,0.6180274171424028
-1.894328550269056,5.365548726324134,0.6462954017002421,0.6261358069708091
-1.9323234881616127,5.457752594051916,0.6612918471172596,0.6433069382245918
-1.9739752374517112,5.5483901413327,0.6494617170015965,0.6559733582535455
-2.017999114831078,5.637910074945225,0.6450757865574044,0.6736657740488889
-2.06131506573315,5.727728334331463,0.6481751669193713,0.7058550429464651
-2.1104784865637933,5.814488528728336,0.6658838389107845,0.7321975173970415
-2.1655579584946016,5.89766598429119,0.6858401896802954,0.7519437555717139
-2.227331485589196,5.975969386400798,0.7067171750892752,0.763590153354269
-2.2934169444226495,6.050640417222785,0.7393016502873737,0.7807436500503493
-2.3637945748859153,6.121331961401113,0.7822047312369821,0.8043704289505159
-2.4394920437928227,6.186205822814082,0.822543667194901,0.8306345689562186
-2.5199252361430746,6.2451821286726465,0.874383080684,0.8513881678930835
-2.6066485102848036,6.294158153229787,0.9386852351156729,0.8682789676855442
-2.700782677061828,6.326438621508773,1.0159813201634573,0.8656100905839738
-2.7985775980796377,6.3455841310956576,1.0112984665035543,0.8453359044504335
-2.8981562026831504,6.348096480267461,0.9725521894618093,0.8199058391586199
-2.9967846603707042,6.33423931131254,0.9476048281000098,0.7898872906418721
-3.0945595902078997,6.314540241202593,0.9309552887743405,0.7657896114084881
-3.1913915412951335,6.290772559903911,0.9252020378951434,0.7500527173427918
-3.2896745057549035,6.273737560879447,0.8974183231983829,0.7542714882493322
-3.3873490052767568,6.253488756127698,0.8833785242237363,0.76828313260031
-3.4837772608226496,6.227966706152598,0.8760179632196109,0.7894922772455427
-3.5792719703662548,6.1995866439929745,0.8516436468057894,0.8194986709667414
-3.673128360334436,6.1658480384844925,0.8433481110649736,0.8550579162831677
-3.766534349542157,6.130844406702295,0.8402435387761433,0.8720137140629636
-3.8568040263183185,6.088472289954179,0.8452060670867912,0.859969577310547
-3.9466518048812276,6.045131000341192,0.8518267960826662,0.8570892797620976
-4.037620136420728,6.0043049549336684,0.8544115752418561,0.8375528635109207
-4.128525517707378,5.96330375424257,0.8572500829764559,0.8281908389709177
-4.221858666270828,5.928293764975558,0.8472462984716126,0.8161839945062489
-4.3144053055885685,5.891186653739157,0.8487114127009684,0.8140280571849439
-4.406841936840997,5.853805584185117,0.8515517425612065,0.8237296088021552
-4.499849258548547,5.817898001877704,0.8384206377198167,0.8183005995140988
-4.593070021486902,5.782552117045378,0.8297332082616108,0.8208334486514204
-4.686054034037355,5.7464502167992535,0.8337648312809837,0.83186046308929
-4.777620088008863,5.706979697363532,0.8361108654864549,0.8427613449253019
-4.867915324435728,5.66457755667741,0.8266375922942282,0.8620231293722865
-4.954862305847403,5.615777566422785,0.826237215443374,0.8810982635491164
-5.038999438426611,5.562192635703454,0.8421773831093482,0.8989984617015147
-5.118035301353274,5.50134349070439,0.8684051507206696,0.9118449043567707
-5.19079236937859,5.433197994001941,0.8996689658940518,0.9151054620902331
-5.25618587709717,5.358086277159982,0.9282158131141823,0.9152361705044453
-5.308426391552198,5.273239844883389,0.9773966220868419,0.9098339186783229
-5.346026821429289,5.180998500650751,1.006001021099046,0.8960373526369556
-5.367219096568129,5.083897592252294,1.0262782871291607,0.8688806341703519
-5.36738070735595,4.984337328440147,1.0009245826704711,0.8318015462869346
-5.356158655428774,4.885233974424533,0.9769405831201458,0.7943628097861435
-5.337108560227341,4.78736005451168,0.9554164411220194,0.7604502001820899
-5.3111582324664255,4.6910385827253895,0.9428837586383004,0.7315892641352285
-5.288785340735932,4.593967316657407,0.9267864761392083,0.7091440882937543
-5.269420239550389,4.4961041528133,0.9072764608988341,0.6897336418530512
-5.251848834743216,4.3979107614171005,0.8858158605351242,0.6721276180030392
-5.233530473082503,4.2998996350484475,0.8651322844322831,0.6639858910321388
-5.217561222728415,4.201425214513481,0.828560863720725,0.6731063415513979
-5.204388397512881,4.102639034467868,0.7868207176163644,0.696452657165517
-5.186622639996445,4.00449719947713,0.7575501662912797,0.705767628463807
-5.17052065803368,3.906066883274893,0.734269951594947,0.7303515265112961
-5.14473826957433,3.8097656158997113,0.7263979053004201,0.7512699864583832
-5.116826555715692,3.714006674205556,0.7169797152989608,0.760516941614715
-5.088313312267027,3.6184198576701347,0.7139550154600639,0.7631010583021341
-5.0520772310077815,3.5255338801789913,0.714968118317287,0.77050442309854
-5.01439125178147,3.433179982327404,0.7108487353560539,0.7681852159732997
-4.977880835830976,3.340354105822515,0.7193963312110586,0.765343387733603
-4.940818582665755,3.247817025689446,0.730762884752812,0.7748082783423914
-4.902565257269511,3.1557328044872603,0.7350888609706646,0.787527132963655
-4.86328166038798,3.0640695716502195,0.7382859193485433,0.7729519878736519
-4.824829563029385,2.9720493153730247,0.7402205621447389,0.7720078999637603
-4.786178714010499,2.8801350468540634,0.7532641446468399,0.7752544895060437
-4.747607055365235,2.7881661039161916,0.7450469902417035,0.7642446679480275
-4.710570299337027,2.6955352083707416,0.7484588773215105,0.7678343033491367
-4.672287396750326,2.6034137464439,0.7557061794876813,0.7828887939629454
-4.634378496268213,2.511178789547635,0.7403831113955099,0.8004338479912262
-4.595529255722841,2.419336661046672,0.7364366918395902,0.8011198285551813
-4.554772969827218,2.328331165154838,0.7395471913990923,0.7981767546100594
-4.511418735393837,2.238548549701088,0.7519840402200482,0.7995388937243516
-4.468437011702064,2.1485255482078873,0.755600328893417,0.8136577763244225
-4.422819936724377,2.0598525423721963,0.7750586042994152,0.8165852458400021
-4.376962111431726,1.971297346169705,0.778693923566889,0.809020496707446
-4.333584834581978,1.8814728934338465,0.7855931540736203,0.7972027384595499
-4.291704493678677,1.7909986672325313,0.8023750145918134,0.7933550413154028
-4.249849310880389,1.700451525881062,0.7979314628000813,0.7858391308982674
-4.211806031391963,1.608233809158114,0.8017754072809278,0.7644725427267931
-4.174757914910352,1.5156926020177908,0.8082924456870579,0.7568200510328741
-4.139570561380225,1.4223602034574248,0.7884070538935962,0.7639944659612717
-4.106960626223011,1.3280855292648568,0.7776860532774078,0.7536855610560349
-4.076735904409964,1.233032454054948,0.7771809457451478,0.7562159591283946
-4.045286281374148,1.138445605042681,0.771083029497394,0.7704457261012833
-4.012364726260612,1.0442970702935737,0.7634341365237984,0.7865174623530592
-3.9748209319555268,0.951901146297842,0.773650903856708,0.7959773354265449
-3.9317873837939956,0.8619085837973537,0.7748161667751632,0.7922045690137204
-3.8905750444383185,0.7711155750239116,0.7789957054885709,0.7879883437668046
-3.8489671350149814,0.6804654549496034,0.7961302787269148,0.7959234699614031
-3.8053928953294203,0.5907646510416829,0.7851383422130283,0.7970585713933358
-3.765453630605799,0.49934869794232695,0.7789998675241798,0.7855338871090872
-3.7264683594704473,0.4075206108178446,0.7777638495468575,0.7725171803802484
-3.6906184339761423,0.31443513785268257,0.7690943676867497,0.7671123273557616
-3.656759280912626,0.22060887027320172,0.7711875131553767,0.7767225343281436
-3.621453144702813,0.1273048347619294,0.7834800089172349,0.7711749214178897
-3.5855992764332223,0.0342120510261278,0.7959537709600313,0.7687470868810105
-3.548968117177796,-0.05857930331651925,0.7964957351407661,0.7783677739989671
-3.512551585881329,-0.1514522923437019,0.7950343875540162,0.7688140481363227
-3.4812682038875646,-0.24617729520470533,0.7713937836216166,0.7742077477386846
-3.44613844807152,-0.3395377175368052,0.7567344648349998,0.7882461423285795
-3.407016412562611,-0.4313022578967901,0.7593693109160417,0.7908448538497792
-3.366466475886051,-0.5224475733509945,0.7764610740520366,0.8008109276809925
-3.321211648831428,-0.6113111453007725,0.7931839598345264,0.8158489187270154
-3.2782620408457586,-0.7012835620450413,0.8007683759121708,0.8021161834036107
-3.2361438451892526,-0.7916648559310127,0.8053102553011778,0.7823496030898234
-3.1968431884791353,-0.8833405056853961,0.7885390728958175,0.7742101937699679
-3.158250713541118,-0.9753170276854303,0.7727244821129331,0.7715592572654051
-3.124676491602946,-1.0691752252548055,0.7642577418281453,0.7714505583599913
-3.096786558421556,-1.164908463837712,0.7537218172911506,0.7835836794962991
-3.070339544684626,-1.2610502370772794,0.7517856702040979,0.8043038671702227
-3.0396187768790424,-1.3559587783517744,0.7575176136567008,0.8041732023890891
-3.0038463098614887,-1.4490699173164554,0.7666631429766103,0.8055473766839184
-2.966134800416838,-1.541315394919738,0.7791686236174844,0.8059386451694166
-2.925031587790052,-1.6322063878484712,0.7744597906174192,0.8022228465905259
-2.8852102191151916,-1.723654830127654,0.7792552839870501,0.8020775274463289
-2.844413500065513,-1.81468279639384,0.7976429324521283,0.8057011209166473
-2.8010679569152797,-1.9045349499162838,0.8206971340312879,0.8149330419945706
-2.756564094002001,-1.9938172455719316,0.8239527739185843,0.8348053709370177
-2.7057559507933364,-2.079600490358431,0.8220828609758808,0.8540070121030903
-2.646380767725256,-2.159521647393345,0.8317664379600311,0.8679996125398445
-2.572092368892137,-2.2257020292564254,0.8715063531647061,0.8730849544872414
-2.483301732592399,-2.27051323962081,0.9364154287742577,0.8636193297863517
-2.386851717763097,-2.2947678588423233,0.927826541242177,0.8436292385076583
-2.287244248460061,-2.29373538688037,0.887109948043753,0.79397022498523
-2.189058902966796,-2.2763978725526686,0.8656123072591759,0.7351488088503809
-2.0916342740798695,-2.2550008919728812,0.8529589821244576,0.6821551663658558
-1.9943489877344618,-2.232994959298306,0.8314260611263379,0.6398289015098666
-1.8962606632921402,-2.2150117530277442,0.8106736738768804,0.6150306646992331
-1.7977376112462558,-2.199358137703304,0.7876314622260714,0.5993696770338889
-1.6995392252073322,-2.1820130943005513,0.7674174217550819,0.5820176020442803
-1.601831906310926,-2.1620661348372483,0.7476720869986779,0.5620662573164088
-1.5034679241614102,-2.145437766626,0.7257313358059135,0.5543022326160909
-1.4048053786634334,-2.1312625235273184,0.7023658390022487,0.5667500993031344
-1.3067492011956268,-2.1129901865894674,0.6812475577927682,0.5797687438759909
-1.2089627780229526,-2.093314863663926,0.6619917508552244,0.5890486990902819
-1.1114955672984437,-2.072193834763212,0.6410726261425135,0.6131867888103455
-1.0155343865162434,-2.044975992559613,0.631728574112953,0.6366926213649979
-0.921274393290533,-2.0123735670115206,0.6260143182552641,0.6647200792984962
-0.8303687742637508,-1.9714910425892354,0.6319855859070214,0.6735906712642599
-0.7445507486112682,-1.9206694258374064,0.6429744134416601,0.6832124634464121
-0.663009495770296,-1.8633097807442738,0.6648187508526885,0.6993774169065456
-0.5865773348491559,-1.7992317860386555,0.7009070298481385,0.7192861105784686
-0.5165851411700108,-1.7281782936942627,0.7338105714245614,0.7324101539954201
-0.44880144323697757,-1.655004239853282,0.7755667903333435,0.749764052808139
-0.38516271065314034,-1.5781964336673249,0.8222799959355414,0.7630904281479859
-0.3248170528066069,-1.498769391024061,0.8718152557385647,0.7779881897731171
-0.2678095354250161,-1.416903643164318,0.9267507028854265,0.8011339496831782
-0.21051045402478044,-1.33524332962019,0.9805360173045329,0.8359514755103875
-0.15506871230967767,-1.252314124291132,1.0327148484276598,0.8651436445456759
-0.10219503785078908,-1.1677200519244688,1.0758692143196622,0.8952949777843607
-0.05301644923041186,-1.0809801797129504,1.129757784047727,0.9312807880384785
-0.01564565180343839,-0.9887058062682712,1.1991094540961948,0.9643587486818946
0.004335888842932698,-0.891218711072248,1.2831365969706785,0.9843361927222287
0.011297898227559047,-0.7918325692480319,1.2578505450098956,0.9813889542020577
0.005734991072624087,-0.6922878568053055,1.226771344370194,0.9525318849931002
-0.010649934429760512,-0.5938831522397363,1.2043250577921831,0.9227972277463222
-0.028823380902886747,-0.4957984794286282,1.175293315799175,0.901364374520997
-0.050208630544485974,-0.3983760752227672,1.1544623170237756,0.8799403609303834
-0.0700074968997067,-0.3005997826536854,1.1403731012994403,0.8601120762944794
-0.08316693488323135,-0.20171237065491038,1.1240506398217476,0.8469422966815342
-0.09921363637154479,-0.10330961820212489,1.0991415206118063,0.8308785662761364
-0.11659466547833267,-0.005117728576030756,1.077850671257233,0.8134789377836253
-0.13246146568801234,0.09337250207460968,1.0563852532006122,0.7975988167955789
-0.15041962499120032,0.19145292887418466,1.0346366885233458,0.7796241282951635
-0.16818607900378976,0.2896062231881907,1.0219902004190908,0.7618441435092148
-0.18751024979610634,0.38747729471885994,1.0002669227642516,0.7425067883438382
-0.20745443044892078,0.48518738499726893,0.9820751551921633,0.7225522764976817
-0.22653007126896374,0.583087334461742,0.9729177366166053,0.703471294593078
-0.24572454783730358,0.6809834627092215,0.9422493625407893,0.6842755389080891
-0.26410904515072636,0.7790097032729869,0.9146787268459812,0.6658937961166334
-0.2809258480790644,0.8773097191090017,0.8926005621921624,0.6490823997566245
-0.29639579032499347,0.975861048988454,0.8692100946671231,0.633619126495462
-0.31359628588806177,1.0740839875994006,0.839286133357816,0.61643054864609
-0.3290651765825832,1.1726354793729998,0.7997044456923363,0.6009736037187642
-0.34587895526796253,1.2709360770523477,0.7724155563627199,0.5841779477392182
-0.3664032059132723,1.368533759029735,0.7611418653481676,0.5636887748071772
-0.38197888414141473,1.4670518495446434,0.7408457781791488,0.5550948338668972
-0.3952096963774604,1.5659162715738462,0.7116807726679942,0.5630547185703543
-0.4150097270982638,1.6636641577000524,0.70237253334397,0.5689894244576142
-0.4384553314032844,1.760590392308634,0.6841392826711363,0.5840115347416881
