-5.677799177657461,7.888838577730767,0.8327314157684053,0.8178063325689633
-5.682585224467524,7.789034481999596,0.8279459024301281,0.8225925858219465
-5.688055406615789,7.689256886580057,0.8224757555980832,0.8280630836859403
-5.693428966825818,7.589474060393524,0.8171023685066469,0.8334369422940888
-5.698532925803103,7.48967713714044,0.8119989288953754,0.838541143686428
-5.703194002221322,7.389858642098615,0.8073388772198538,0.8432023728478932
-5.707238472961986,7.290013393656419,0.8032960125661018,0.8472468835874457
-5.7104921166704266,7.1901394159459615,0.8000445139141557,0.8505004475087098
-5.712780274489092,7.090238862276503,0.7977588430187935,0.8527884190624112
-5.713928062369842,6.990318944353248,0.7966134955265676,0.8539359504836859
-5.7137607692848595,6.890392856141036,0.7967825685264026,0.8537683910525933
-5.7121044743603395,6.790480673749922,0.7984391161692378,0.8503779174499616
-5.709999999999896,6.690585179154151,0.8005429248163808,0.8205617777509264
-5.709999999999896,6.590657747692417,0.8005448661078929,0.8042544306783137
-5.709999999999896,6.490730316230683,0.8005468108603291,0.8001873096611287
-5.709999999999896,6.390802884768947,0.8005487590736642,0.8001887011584634
-5.709999999999896,6.290875453307214,0.8005507107478728,0.8001900978034799
-5.709999999999896,6.190948021845478,0.8005526658829298,0.8001914995961512
-5.709999999999896,6.091020590383743,0.8005546244788099,0.8001929065364503
-5.709999999999896,5.9910931589220064,0.8005565865354873,0.8001943186243499
-5.709999999999896,5.89116572746027,0.8005585520529372,0.8001957358598228
-5.710929416307198,5.791253316671385,0.799631193720618,0.8011260129309395
-5.71418362806027,5.691384236374892,0.7963790593197851,0.8121346809538699
-5.718203206559423,5.591541147696387,0.7923611395655407,0.8247754803527487
-5.723891549350443,5.491776676572551,0.7866726933841335,0.8506589206562825
-5.729284854093649,5.39199655643786,0.7812796809111783,0.8868366167132647
-5.7295987045062855,5.292096290005489,0.7809670276752363,0.9278895357706226
-5.725687807675349,5.192257250261413,0.7848737538109559,0.9738585793478273
-5.71344109145349,5.093166391948188,0.7970830343369518,1.0204259269792442
-5.6910106103695846,4.995845532301395,0.8194130771446599,1.065536819496299
-5.660126440775814,4.900876261194073,0.8584886330790034,1.1102753781014643
-5.621858571304119,4.80857686054831,0.913469705756501,1.1482356679174457
-5.579185418115181,4.718242941702348,0.9791839519142822,1.1880694809675751
-5.533362919400252,4.629451581973852,1.0267318897482667,1.2316577112196136
-5.487081310175583,4.540889785592523,1.072921937165209,1.2811370340437807
-5.44209271139168,4.451664351108544,1.117935981717478,1.327620095438485
-5.398192978540712,4.3619092644092055,1.1619484604418402,1.3783686677450446
-5.357407723574045,4.270684054488807,1.2048116877989994,1.437061259887939
-5.322140580384705,4.177212191891128,1.2490159258780495,1.5045141734502137
-5.292665617285739,4.081774436797106,1.294134213161582,1.5794833019531163
-5.27154808946632,3.984176690959818,1.3339733010276469,1.6116183552535157
-5.262953180684925,3.8846911287881434,1.3471890304748266,1.6030203220976305
-5.268554506318713,3.7850902749582933,1.3415923229158284,1.6086190422661384
-5.28499766968417,3.686614487705818,1.3251726735800426,1.6175760451032184
-5.311898591811577,3.5904200702269664,1.298340727048711,1.625081581877942
-5.3460295887004206,3.496533186607447,1.2643484320947038,1.6460870737465214
-5.384205740980511,3.404190615285978,1.2263970712593086,1.6398835158126965
-5.422434321635974,3.31187135673713,1.1884563590204447,1.6184589590801806
-5.462089824868493,3.2201633337373274,1.1488197066748558,1.5926272620035535
-5.498685558462085,3.12718396029003,1.1119918953004262,1.5547642360620406
-5.534391487840585,3.0338535388521244,1.076092338240035,1.5216130897288889
-5.5682931366381485,2.93987265995652,1.0420406136433855,1.49256832815742
-5.599484708716323,2.844943234224596,1.010742415613929,1.4601702488882182
-5.631147551922168,2.7501686687016305,0.9789885850230137,1.4158469760264263
-5.6618954075511825,2.655103089607727,0.9505770381547224,1.3703829833356072
-5.690927726098013,2.5594931242754475,0.9277835156519659,1.3229898061623457
-5.7192063079189115,2.46365447395837,0.9161742159334709,1.2749804559251356
-5.746122624154691,2.3674236710568524,0.9141024225337212,1.2305169047931388
-5.770912003015632,2.2706263933723996,0.8892544517159491,1.1907270836037132
-5.7933445231209975,2.1732850377900568,0.8667796563282921,1.155913749525053
-5.812161223163898,2.0751491372789457,0.8553105475221113,1.1151445373864586
-5.8310249557965035,1.9770226766192018,0.8553904235851275,1.0766602186093008
-5.848561437827143,1.8786525333437443,0.8619744669530779,1.0380036353591662
-5.865735495524294,1.7802157073763423,0.8447607988754031,0.9999352084459582
-5.880919653268684,1.681452666505714,0.829547669979987,0.9662631282079569
-5.894698229176193,1.582487333161987,0.8157464566606475,0.9406431317531596
-5.908077490925482,1.483463008725409,0.8023465155071025,0.9247589578327784
-5.918454483647661,1.3840841614108623,0.7919589023413822,0.9094216060349974
-5.928369935243821,1.2846532079895387,0.782034298480062,0.891270739560423
-5.93692414577112,1.1850981322076988,0.7734742335387664,0.8827426966574414
-5.945317653067726,1.085527070497668,0.7650753041222413,0.8811542074261324
-5.951074580399309,0.985770479299585,0.7593175497060641,0.8602747443734287
-5.953963556965065,0.8858882159233848,0.7564303128805056,0.8478278825020614
-5.955847828173091,0.785978638007805,0.7545481523444844,0.8460624098526698
-5.957075205278044,0.6860592199508198,0.7533228707294765,0.8472907414074033
-5.958520267982117,0.5861540074769745,0.7518795655137179,0.8396979772203965
-5.962106287718301,0.4862909434994956,0.7482950788009974,0.8178819904134423
-5.965488085223762,0.3864208330012126,0.74491495053496,0.80771919954176
-5.968318140916147,0.2865337860571627,0.7420868376867434,0.8093019783659232
-5.970248288566039,0.18662566376650191,0.740158851829009,0.8112319937712152
-5.974675020234867,0.0868050985882613,0.745768058018327,0.8156512984240266
-5.979970963955509,-0.012981858674599583,0.7636670908976366,0.820937240730175
-5.9854262913703895,-0.1127602636373655,0.7758808712382462,0.8114653938038575
-5.988479233196921,-0.2126342649956158,0.7728330490191525,0.7908389363950963
-5.992272840972519,-0.312488662891016,0.7690447229812276,0.7832652402788629
-5.9971689207167715,-0.4122955432062741,0.7641530910769121,0.7881579755856849
-6.001784093283441,-0.5121072450407419,0.7719076867950289,0.7927699578949317
-6.005576703264121,-0.6119605153155616,0.7930833095046247,0.796558368489803
-6.0109816312421,-0.7117405294746003,0.7997591164283828,0.7821597290994546
-6.017476295175313,-0.8114562399010159,0.7932774328943208,0.7667539910051855
-6.024541757747442,-0.911133502309315,0.786227453146063,0.7647838137278764
-6.031661538161937,-1.0108069436320204,0.7791237123298608,0.7719061155650524
-6.0383194488498875,-1.1105120166611528,0.7743909368501305,0.7785658979357265
-6.0475666536839165,-1.2100000582009598,0.77991883118813,0.7878196280972583
-6.057848820748443,-1.309397042513463,0.7970108038671962,0.7981103347299777
-6.065915012509372,-1.4089907891097964,0.7942377326714032,0.8061807841468176
-6.074491521114863,-1.5085487170257679,0.7856692365607142,0.8147623086978367
-6.083907056064144,-1.6080313506669655,0.7805815329368302,0.8241845377026075
-6.093649101436139,-1.707482757372516,0.7879072413050914,0.8254180226230085
-6.103207195835422,-1.8069518962986724,0.806800821878963,0.8156961225834904
-6.11206974701551,-1.9064849672287218,0.7979368926866722,0.8084883397010377
-6.119721137112126,-2.0061176694859446,0.7902846069195845,0.8097237090871043
-6.125639961573306,-2.105867151109212,0.7843653545603073,0.7867828627219386
-6.130357998279319,-2.2056764652144123,0.7796471103629092,0.7746425469973934
-6.136305692988671,-2.3054259348003305,0.7736990080259784,0.7765234450812258
-6.140952171186875,-2.405243909779988,0.7690523611836334,0.7811675639535888
-6.1439471102594645,-2.5051243552607327,0.7660574594512223,0.7841620831328715
-6.148267076893001,-2.6049498547726393,0.7617373492171252,0.7884799941471456
-6.1551536412843575,-2.7046322465369066,0.76174408144112,0.799994242155602
-6.163010723835986,-2.8042451321553163,0.7703894141737125,0.8164163016006758
-6.170908424679479,-2.9038581880367813,0.7829810127007186,0.8444617281398078
-6.178773186288258,-3.0034743414343175,0.7815459624439604,0.8829573289588679
-6.184333135487083,-3.1032404744815696,0.7759851813020365,0.9286449081930751
-6.186018557765705,-3.2031452106420204,0.7743013129029171,0.9791883190510309
-6.181554719363824,-3.302954380997363,0.7787614463003194,1.0238706300239777
-6.169051369665035,-3.4020532472883493,0.7912384224428286,1.0691057765675576
-6.149290184212097,-3.4999598579837463,0.8109429680703188,1.1151812181035823
-6.117121026980673,-3.594440292429671,0.8432737334791239,1.1494275076500857
-6.066440305547399,-3.6802394326489125,0.8994079191758346,1.1715611417804075
-5.9968739673821885,-3.7514713317577395,0.9784942448961509,1.1783246667088372
-5.909375153650492,-3.7989295600195723,1.0734065495776366,1.163634425954008
-5.813344007060836,-3.8257504648620957,1.1729067878301116,1.1351962358989944
-5.7137829916750835,-3.8325931812040324,1.1503723369716752,1.081665405150688
-5.614006633034007,-3.827891735711944,1.11658772738205,1.0236688489628993
-5.515140009910961,-3.8137038567503785,1.078538253192353,0.9643496191560562
-5.417519166113372,-3.7924215068841267,1.049360085311812,0.9059493444159329
-5.320524911431821,-3.768433293058385,1.0163221164802092,0.8482082715779817
-5.224680402710408,-3.7401758643921164,0.9856419703216216,0.7905236109830517
-5.128476213671331,-3.71316637753384,0.9631052430108995,0.7430400759578191
-5.032049793509482,-3.6869560259785272,0.9491538009774897,0.7073736377589326
-4.9348173301206755,-3.6639423115290866,0.9329621207596036,0.6844724384941507
-4.837224629097376,-3.642474945881136,0.9149892569207952,0.6631183539998197
-4.7396910547905575,-3.620793892671117,0.8812640829875854,0.6444266348844311
-4.641626267277986,-3.601591775784267,0.8473690936318765,0.6434774924861469
-4.543444725074129,-3.5830201780958375,0.8084036025556046,0.6531768092186333
-4.445456476426042,-3.5634920943741637,0.7813178498667057,0.6336986493632949
-4.347162446248079,-3.545580725005337,0.7647594633335622,0.6210334819482205
-4.249299364388584,-3.525385418799956,0.7537285919655307,0.6219936413129902
-4.1513008876444575,-3.505868262204895,0.7179193251156847,0.6394493765238545
-4.053092746847207,-3.487424900638196,0.6866645621783671,0.6724863049468701
-3.9546915798323625,-3.4700436811502953,0.6601332355247352,0.7139255903602739
-3.8556155451263674,-3.4571357144848345,0.6435715619108833,0.7309835471549982
-3.756410621384524,-3.4451603789838106,0.6413679271571393,0.7587750369250956
-3.656720781954928,-3.4385389229081236,0.6426599941743117,0.7929836129254846
-3.556873373086537,-3.434553484405741,0.6466397035466985,0.8285025162557186
-3.4569798745171187,-3.433927794805457,0.6472631032101663,0.8572625904154452
-3.357266866865859,-3.4404399273568735,0.6407730013338813,0.8877134157592923
-3.2577162236843646,-3.449064701574639,0.6321850629064788,0.8702298264743619
-3.1588172675039905,-3.4633489133367505,0.6179932510263664,0.8223938625337376
-3.060513635599068,-3.481185941750339,0.6015775907862848,0.7878645895120202
-2.9633163568142518,-3.504383113066469,0.5960669586917414,0.7527049374272928
-2.8674479812415474,-3.532512551127002,0.6021410699267989,0.7280771642084668
-2.772929794868141,-3.5649351884718565,0.6200330760094476,0.7020802851767519
-2.67918088033623,-3.599512994387809,0.6080405773367425,0.6648030229098462
-2.585841747028158,-3.6351861511463675,0.6099348479502953,0.6360969299088184
-2.492431638841298,-3.670670651650509,0.6281254310075278,0.6220890497729944
-2.3990767913250597,-3.706298971825969,0.64802139590964,0.6191369223536677
-2.304726692708218,-3.739216073067776,0.6583065934571322,0.5992167848340323
-2.2102992172568947,-3.771910195657369,0.6679804352445411,0.5854003412751185
-2.115899037608729,-3.804662566552593,0.692034661113721,0.588533047311023
-2.020669554830301,-3.8349237494290103,0.7314619922005651,0.5936157610346238
-1.925196766206733,-3.864409664935695,0.7637723095544736,0.5956815253685824
-1.8290116144150892,-3.891446696053866,0.7756259468838304,0.5953918303795616
-1.732339493020123,-3.9167290030448934,0.7968806033804791,0.595442322484409
-1.6350504618535693,-3.93943991197061,0.8321286742493514,0.6094544049208649
-1.537625970305112,-3.9616443299576614,0.8608699952847947,0.6316792481937076
-1.440094781115069,-3.9833738138099983,0.8783449756950779,0.6534354366386919
-1.3432287314915763,-4.007868431984494,0.9022868502729575,0.6779741262445358
-1.247200305661011,-4.03550330990049,0.9333219896251878,0.710493188971396
-1.1513836183246304,-4.063859479020329,0.9635552729599893,0.7555821811777844
-1.0556796707044624,-4.092580228804199,0.9937008679733005,0.8041627224157871
-0.9586289751610009,-4.116277162938115,1.0284124678382187,0.8541024991980093
-0.8606000618769136,-4.135574843978834,1.067532653565538,0.9086918792430603
-0.761263702823682,-4.145522031668816,1.1154318418258133,0.9630408581696275
-0.6614274020771704,-4.1443813598475785,1.1516682513860617,1.0154086955068808
-0.5640761091158517,-4.123101261649387,1.058109164057706,1.0573879086044264
-0.47400584667700585,-4.080429774422818,0.9691056546349283,1.0864212803895028
-0.4001926677923661,-4.013515374661932,0.9012651746019033,1.0913006076672727
-0.344608874324688,-3.9308545454108637,0.8610366577218046,1.0762553630846616
-0.31009248422217384,-3.8371768005981206,0.8501321429686661,1.045604259613994
-0.28650120894649694,-3.7401383785225697,0.8265186875073961,1.0051448231640663
-0.27117891897019203,-3.641420335051426,0.8178304438134084,0.9652678035213097
-0.26129597975964924,-3.5419968963571704,0.8267371246271353,0.9239068523060667
-0.2552474866222536,-3.4422567963096307,0.8455979556353765,0.8841869281077884
-0.25131161052518025,-3.3424076194022394,0.8416629789295684,0.8496383748106966
-0.25036746139836,-3.2424879031931204,0.8407205259775443,0.8151786200948796
-0.24644483512692175,-3.1426480125742655,0.8367985403256482,0.7948501391986831
-0.24068566789416562,-3.042895251308672,0.839901559093624,0.7814638965731272
-0.23405114711406916,-2.943189322424759,0.8538973135555337,0.7768572562740986
-0.22763960672940783,-2.84347755518862,0.868784361157937,0.783268638361637
-0.21988459994372433,-2.7438518723608007,0.8610268035407684,0.7910261010500578
-0.21568838594335166,-2.6440210423293165,0.8568339114165016,0.7952190564901023
-0.20819266564317887,-2.5443872089121395,0.8493357711206446,0.8027171896828139
-0.199012272625121,-2.444882959266421,0.8401485241606381,0.811904268141231
-0.18911419148371636,-2.345447095014979,0.8413753709583356,0.8218114778960707
-0.17900938279665832,-2.2460318881680013,0.8541649292674867,0.8319261642734774
-0.16920736366771158,-2.146586543101635,0.8599955855753997,0.8417369746348393
-0.16021951841868176,-2.0470648025725615,0.8510314083973294,0.8507309123117409
-0.1525619436747415,-1.947432701055618,0.8433919332409464,0.8367282368617289
-0.14543113132013788,-1.8477689065453566,0.8362776615028965,0.8233292003737177
-0.13682276239655997,-1.7482132554383503,0.8276926621108192,0.8234257739923365
-0.12909772151064786,-1.6485855391560087,0.8199872836345621,0.8059783144428385
-0.12495665605344358,-1.5487551123426946,0.8158528094940755,0.791342714207569
-0.12152718573102592,-1.4488865745135862,0.8138647352599062,0.7884728443921682
-0.1185645114597357,-1.3490033856406793,0.8245399713488176,0.791435524296978
-0.11531743054026068,-1.2491405288344222,0.8358874255740223,0.7946826049569289
-0.10967882562168572,-1.1493723275483023,0.8498618031384505,0.8003211870628536
-0.10405980350981149,-1.0496030257501223,0.8442462082383652,0.7768364389876163
-0.0988060753570241,-0.9498139730988383,0.8389954639242254,0.7653008401569584
-0.09426418230613505,-0.849990289329362,0.8344556943415048,0.7660140854483402
-0.09078202140847545,-0.7501244740582089,0.8309745284194605,0.7694950563211336
-0.08748193138870958,-0.6502618704207556,0.8276754687195822,0.77279394623169
-0.08201174924044377,-0.5504842750012215,0.8222086949911225,0.7782599219657722
-0.07663605298970859,-0.4507015638228617,0.8168363278853923,0.7836316458053757
-0.07152782017773404,-0.35090485949148814,0.8117310983866797,0.7887364200451836
-0.06686032891280223,-0.2510866650517056,0.8070660578559962,0.7934011991481704
-0.06280729821013442,-0.1512417654426693,0.8030147436356163,0.7974524324797078
-0.05954294531075027,-0.05136814004149326,0.7997512633375099,0.8007159906412111
-0.057241926122643866,0.0485321139733922,0.7974502620982199,0.8030172073605609
-0.05607912438442951,0.14845185241047384,0.7962867362650988,0.8041810696274612
-0.05622925522782645,0.2483779600910999,0.7964356573606693,0.8040325893381262
-0.05786625010061239,0.34829045067119907,0.7980713725533418,0.802397389668419
-0.05999999999955108,0.4481855966004352,0.8002041147870553,0.8002651634601643
-0.05999999999955108,0.5481130280621689,0.8041767120540869,0.8002668184644481
-0.05999999999955108,0.6480404595239029,0.8203930315496274,0.8002684786149065
-0.05999999999955108,0.7479678909856373,0.8481510781325067,0.8002701439115071
-0.06090141973384848,0.8478807542384609,0.8509061392328496,0.7993703211732861
-0.0632452645179761,0.947778995839261,0.85325004937235,0.7970281916402084
-0.0640264296984648,1.0477020128296277,0.8540313730065304,0.7962488643568165
-0.06341822056629585,1.1476265334440103,0.8534233382783858,0.7968584758924913
-0.06159508733952438,1.247536536651953,0.8516003390543949,0.7986822084051046
-0.05873190017259158,1.3474223714551103,0.8487372087053917,0.8015449986933132
-0.05500345692553472,1.447279841015764,0.8450087276387985,0.8052720090519122
-0.05058419186355887,1.5471092740215973,0.8405893305769536,0.8096888920703431
-0.04564805137053321,1.6469145976497166,0.8356529790991237,0.8146218850358201
-0.04036850220046868,1.746702419739918,0.8303731653546713,0.8198977707215478
-0.03491863811015423,1.8464811224334348,0.8249230136209397,0.8253437409006551
-0.030319670681778883,1.946292103683207,0.8203238643117458,0.8299399458397413
-0.027412976120402794,2.046176039470145,0.8174172141621326,0.8328462504854709
-0.023293473745836846,2.146017840462547,0.8197238531262565,0.8369639451011309
-0.018309720956265586,2.2458206119816433,0.8332349595538479,0.8419446856822856
-0.012808840574434693,2.3455964428851046,0.8531226946482471,0.847441784593387
-0.007136835303708078,2.4453627670759963,0.8474498362183723,0.8531097879556835
-0.00163929335755056,2.5451387812221506,0.8419516427662299,0.8359811688216681
0.003337777121498766,2.644941884534823,0.83697446948738,0.8272871366704317
0.0074472442394117825,2.7447840962263412,0.8328656503283108,0.8195599523390346
0.010340541537175832,2.8446684166273637,0.8299737068208101,0.8213682317625349
0.014971334983668675,2.944478178301062,0.8253428806342913,0.8259906062015584
0.020420364410278405,3.0442569264806303,0.8198932784570133,0.8314287913535734
0.025697408889991818,3.1440448806955037,0.8146158540153032,0.836695795800149
0.03062937268092152,3.2438504100688204,0.8096838699034612,0.8416191092319284
0.03286315038221147,3.3437418412206474,0.8074514239429615,0.8438516308218837
0.03498012217258671,3.4436464573532772,0.8053361151592732,0.8459681273248001
0.03771107053600001,3.5435364422058897,0.8115806547312241,0.8486971851387942
0.040708115804463194,3.6434189121391958,0.8296398034178877,0.8353191613124601
0.043623686814555133,3.74330375686057,0.8474837177924764,0.8153990293931594
0.04611010989356792,3.843200017526445,0.8450016556128507,0.8070136811627464
0.04781926117628622,3.9431122596667483,0.8432966844798608,0.8087186108341013
0.051629224786910836,4.042954323528641,0.8394900970738898,0.8125253511789118
0.056744592005514904,4.142750662409166,0.8343775227874385,0.8176382360913045
0.062123853996175926,4.242533181601851,0.8290007339907103,0.8230154092825709
0.06759403614444119,4.342310777021388,0.823532934583682,0.8284836681057501
0.07298227126379804,4.442092813085124,0.8181472457308399,0.8338698963129826
0.07597954891853266,4.541964764717294,0.826459234006851,0.836863594339979
0.07905436494192966,4.641844190934987,0.8451076749398674,0.8265978641835775
0.08300941135456623,4.741693015005577,0.8577553152054119,0.8096292749224626
0.08749696240984528,4.841519551930245,0.8532738338851396,0.8053347158362615
0.09217019095778521,4.941337646584028,0.8486072731974157,0.8023682209993408
0.09668262623004532,5.0411630673650025,0.844101118335892,0.8068803850917864
0.10068747382016087,5.141009918447278,0.8401012154852783,0.8108846170926068
0.10383705993174665,5.240887034975516,0.8369544948189517,0.814033135677308
0.10663950026926249,5.340766644696536,0.8341545021922534,0.8168345453463739
0.11201530977051073,5.440549349777291,0.8287878895477646,0.8222108317882024
0.11748549191877683,5.54032694519683,0.8233273546449502,0.8276815813714985
0.12287717952754719,5.640108795372493,0.8195637013373506,0.8330737638591085
0.12801740818138158,5.739903860757826,0.828181724859884,0.8382142615557381
0.13273292386370883,5.839719804755986,0.8489715775934813,0.8429296964696801
0.13621763705479978,5.9395754305173,0.8539344532185049,0.8464137633261924
0.13708159739626177,6.039498739640216,0.8530697310878257,0.847276233983096
0.13857454747190703,6.139414894397864,0.8555442115394848,0.8478734423433607
0.1403482645571223,6.239326574756518,0.8692962278901452,0.8242546079427964
0.14205469288444267,6.339239394357564,0.89413740656958,0.8079183749726634
0.14334572670417095,6.439158264424835,0.8966671405974983,0.8033504585983154
0.14466009103189387,6.539067759691286,0.8953529821970834,0.8046649750407574
0.14902929660374972,6.638899396526053,0.8909836076070365,0.8090340453523963
0.1539297063673349,6.738706480257231,0.8860829055509255,0.8139342372283862
0.15918782848532798,6.838495432643761,0.8808244023549409,0.8191920873651203
0.16463055221888856,6.938274524460014,0.8753812526104191,0.8246345177459495
0.17008497929038743,7.03805297848813,0.8699264016081426,0.830088661889211
0.17537822122662472,7.137840078272558,0.8708824014734411,0.8353816586095197
0.18033719512304078,7.23764427712254,0.8835456518842794,0.8465291353922664
0.1847884502548885,7.33747230179119,0.9055554810980552,0.8686098758420436
0.1885580583399189,7.437328246485605,0.901786790242382,0.8988525140232888
0.1914716009106745,7.5372126554017385,0.8988746332028206,0.9017656456350345
0.19335428793842252,7.637121595879142,0.8969936241617205,0.9036488858396816
0.19605296893300347,7.737005704695818,0.8942962542706533,0.9063472212496141
0.19504229978578674,7.836900875479707,0.8953070991686546,0.9133606852682544
0.19129243007321559,7.936756640116479,0.9073405303661222,0.9284328847075612
0.19090866673096818,8.036638093220429,0.926756001413365,0.9569683014911178
0.191477185379312,8.136562746338331,0.9496259156215244,0.9792194332508182
0.1907240074089567,8.23648644971586,0.9603896316343211,0.9987316339237255
0.18935375787937359,8.336399861238686,0.9818582048302805,1.0270494454900707
0.18901429550326854,8.436322908890139,1.0015384397708438,1.063391553511064
0.1888208338690515,8.536242490466517,1.0017303070039545,1.1014609401879418
0.19084823173454968,8.636148948331218,0.9997029738506364,1.1429361660394575
0.19236295451523716,8.736062872517696,0.998187785901087,1.1896435428573222
0.19133865223220853,8.835978799632787,0.9992101584969911,1.2405224759485733
0.18630538832823879,8.935771180783094,1.0042433913686704,1.293838522722412
0.1755605271233298,9.035104342092458,1.0150003004205057,1.3478099141529307
0.15725598194754437,9.133305084033786,1.0333509212913272,1.4006003923189896
0.13009839744318344,9.229418066574082,1.0606252364797721,1.4495789885874866
0.09265848853866313,9.321989445431024,1.0983252708892852,1.4887449259385868
0.04374078932761953,9.409024830604027,1.146976569549589,1.515791414045086
-0.017218687879536197,9.48808782405195,1.207380194217224,1.528969445299523
-0.08985113346171332,9.55656558880618,1.2799041483917795,1.53290292901844
-0.17223513458078937,9.612863296680482,1.3071367261880404,1.5277183139297346
-0.26314758544822825,9.65400238888075,1.2660276266267085,1.5116634040711443
-0.3581193014156231,9.684893618610781,1.2381144985464037,1.4911257282036332
-0.4555415727156356,9.706915129242402,1.2269115068879333,1.467974973293398
-0.5544071438966114,9.7212758578064,1.2315719283957558,1.4436600577689034
-0.6539387344061247,9.73002395330836,1.239980398048237,1.4203749204413016
-0.7537614855772887,9.73449355035771,1.2355106795562103,1.3995916379963498
-0.8536757068003435,9.736022334175976,1.2339820049991828,1.37067298791005
-0.9536020724925944,9.736469593141047,1.2335348855947514,1.3465982470436313
-1.053517736846641,9.73541515773039,1.2388939309584897,1.3162744264704378
-1.1533363178498157,9.739609249020859,1.2470341105801444,1.2964699175054715
-1.2530459897619213,9.746202331096026,1.260693927453611,1.2865479791386079
-1.3527618074930463,9.752701320808747,1.2675201835663348,1.2792620065436366
-1.452515311951555,9.758588821785635,1.261631444734577,1.2620546362162408
-1.5522179413289732,9.765083000157617,1.2551351848776877,1.2532151597781434
-1.6517851077833579,9.773560640321323,1.2466532923024487,1.2542968604462854
-1.7513643964403742,9.781894183973346,1.2383157131306461,1.262635239964647
-1.8509830624548322,9.789740970745095,1.2304655464656884,1.2704857996068157
-1.9506634183647107,9.796756709296934,1.2234474256002845,1.2775036876864079
-2.050419270188603,9.802594657714813,1.2176082792651464,1.2833418975522661
-2.1502522341048307,9.806905412789153,1.213297480178807,1.27830685256781
-2.2501479481418363,9.809337586441064,1.216802309665771,1.2592053463955495
-2.3499794423350835,9.813629266309652,1.2256837330096941,1.249694099687077
-2.4498546402569175,9.816317621814738,1.2373986884279076,1.2465315794918594
-2.5497765388821687,9.81734083188252,1.2533943666828238,1.2475535294956657
-2.649691369877214,9.818922235192842,1.251815266823877,1.2491337131025806
-2.7496027392085765,9.820713640704925,1.2500261770730259,1.2509239322908121
-2.8495164456224984,9.82236700141052,1.2483751383511785,1.2462581927768182
-2.9494368449241586,9.823534187704166,1.2472102223997246,1.2268458925372767
-3.0493302170505325,9.825490251487134,1.24525597209139,1.2161537004508076
-3.149156416166411,9.829982973649232,1.2407642659587312,1.2142735984069424
-3.248959157026177,9.834971545274973,1.235776203738714,1.2149735106910053
-3.3487453205239537,9.840282536417488,1.2304653484097645,1.2202846337403381
-3.448523452220296,9.84574287823939,1.225004960551808,1.2257451262567278
-3.5483028663683176,9.851179687222547,1.2195681432503869,1.231182087992996
-3.6480927550414988,9.85642006013426,1.214328016025296,1.2364225971392822
-3.7479012967628886,9.861290872168523,1.2170714696829494,1.2412935107870382
-3.8477347591504287,9.86561861071013,1.2285048831633494,1.2456213016935855
-3.947596591493069,9.869229277584814,1.248558131178778,1.2492319637004894
-4.047486505889652,9.871948393328575,1.2485896702394896,1.2519510186904101
-4.1473653350431166,9.874808789291295,1.2457303900087546,1.2548113769044105
-4.247156495877776,9.87990752892233,1.2406363385491253,1.2599102539057534
-4.346971421436619,9.884635831428549,1.2359118964496922,1.264638647247967
-4.446820209533718,9.888529942078888,1.2320202928585566,1.268532779731697
-4.546658312216995,9.892645920445364,1.227907258530473,1.2726488021579059
-4.646570647004486,9.893133540179905,1.2274187309023528,1.2768389242277345
-4.746339677902817,9.887977630123668,1.232575493344178,1.2831857484412306
-4.845526181429419,9.876116931866868,1.244451530271771,1.2905581140863687
-4.943509954909254,9.856725801803664,1.2647160445089296,1.298013750022475
-5.0394410231054385,9.828918089571209,1.3005089978471138,1.3044753313830535
-5.1321767531788876,9.79181417531678,1.277937050295316,1.3087460178916628
-5.219507593476906,9.743335314312763,1.1909070758648896,1.308040971540738
-5.300555673954636,9.684974407153298,1.1130714780438473,1.3018452332334627
-5.374055805180116,9.617373767558318,1.0478314335919119,1.2820990348243833
-5.439029048383542,9.541552610499547,0.9985840702821974,1.2546295546573247
-5.494958495481688,9.458836508321603,0.9657509083639687,1.2235491720909772
-5.541807268221946,9.370651034871115,0.918541785523271,1.1897284937061037
-5.579920734092938,9.278336709060746,0.880258443971939,1.1542137934583514
-5.6098771797588505,9.183040989349402,0.8502249963864281,1.118117857159041
-5.632209322463034,9.085661528466444,0.827859642079246,1.0824150882761165
-5.647693205871767,8.986960252975138,0.8123624852029235,1.0410095273615985
-5.657293682314055,8.887513088951808,0.8027577220054394,1.0012849951934668
-5.661653906955195,8.787694274821858,0.7983971434931879,0.9652319908762369
-5.659944312977275,8.68780047339847,0.8001068434969686,0.9325990735243742
-5.657466529422088,8.587904457012781,0.8098942389121375,0.9071990045154488
-5.657310842349313,8.487984763032152,0.8271084684125058,0.8763750436013028
-5.658519537779906,8.388071313589228,0.8457182440800007,0.8575193500149177
-5.661655103974481,8.28820341325021,0.8488701079258016,0.8519944277723047
-5.666723571248446,8.188404651858285,0.843802109843296,0.8319027447516156
-5.671335405257479,8.08858393444341,0.8391912487285281,0.8178854782941521
-5.675143417031377,7.988729657252422,0.835384909084357,0.8151507125789365
