-2.6730225112989667,-2.5858209416042177,0.8608931036635991,0.8463470492968566
-2.6846977960219234,-2.685127156963398,0.8650208878782372,0.8324256649308369
-2.69462902777617,-2.784622441225719,0.8812740623215646,0.8179413615618982
-2.700973222750956,-2.884397420401022,0.8921057512805334,0.7991587914290804
-2.7086648764938843,-2.984092930067288,0.912513574067654,0.7939859175684156
-2.717122209116618,-3.083713163537038,0.9296953995172302,0.798752704823953
-2.7272781236448784,-3.183187934149516,0.9487346220232278,0.808731573613813
-2.7367091049306524,-3.2827336087557435,0.9640233429718982,0.8181302424099317
-2.752756524248756,-3.381403409295333,0.97828041964518,0.8340852676218256
-2.7716111260676497,-3.4796005737399445,0.9831463738099923,0.8528230756688392
-2.790356944313735,-3.5778170697690905,0.9877544257757239,0.8821344726694681
-2.806161864759499,-3.676540535842888,0.9871889622478698,0.9187141387963065
-2.8167293172601364,-3.77594660919903,0.9998710198402894,0.9596603002549138
-2.819323668729602,-3.875849666362948,1.0298109127496018,0.9957496637179912
-2.814751589244218,-3.9757053638023847,1.0746844879966357,1.029604714545298
-2.800292578333342,-4.0745627692199555,1.1155084689942574,1.0560832763703707
-2.77291852757296,-4.170605054071213,1.1705400743790293,1.0786130574749468
-2.730982648051195,-4.2612199726137625,1.1313123126263422,1.0947817317709152
-2.675374684087394,-4.344135424364423,1.071837207597255,1.1043329042868433
-2.6101491485429453,-4.419849846027224,1.029428458859549,1.1108906995390389
-2.5358553920242213,-4.486615180158618,0.9748033048173671,1.1055684554677598
-2.4543318389532347,-4.544441147375119,0.9373710419004972,1.088776625558942
-2.3672047322151175,-4.593397708146387,0.9197608217314628,1.06167808224272
-2.2771683661121616,-4.6368598664270975,0.9183726824124911,1.0285918569013892
-2.1854720843410322,-4.676705710799433,0.912373207216004,0.9990959177719191
-2.0921185347949374,-4.7125140910681305,0.8964466601773027,0.9746680951091222
-1.996827331739856,-4.742782261915702,0.8918777800327494,0.9542586825333023
-1.901030179158292,-4.771437507596542,0.9001583923318217,0.9423641684603647
-1.804577622597094,-4.7977725842647,0.9094343301393031,0.9301407947408872
-1.7077491424473132,-4.8226973212070225,0.920794532047865,0.9144582235431801
-1.610752312487477,-4.846967747207772,0.9214394297055924,0.8831825906486951
-1.5140315029791993,-4.872321561410164,0.9261114683857212,0.8604535027237775
-1.4171911977883624,-4.8972173363361895,0.9248325249263281,0.8484941116096152
-1.319819507760133,-4.919942111136657,0.9336698654695554,0.8460006022651141
-1.2227624469901095,-4.94398635063745,0.9516566215868977,0.8566101974606517
-1.1255501752367505,-4.96737384634244,0.9539178842023764,0.8692554481227386
-1.0281822183434222,-4.990112996681784,0.9552383908972164,0.8687134342531008
-0.9298685598873547,-5.008285192457747,0.9715288320183575,0.8718600244507726
-0.8317415608938039,-5.027470316914564,0.9851381284716205,0.8690244974994584
-0.7336396889184931,-5.04680536054224,0.9921923544770939,0.8674231500246726
-0.6356923546422859,-5.066905809349604,1.0049203179812056,0.87770120662155
-0.536974991032328,-5.082718943028885,1.0169099702109756,0.893546572717226
-0.4384005434957441,-5.099464054739681,1.0375217424593197,0.9017967794960393
-0.33987363969036555,-5.116472532117124,1.0485905187517777,0.8788862844090496
-0.24153997708417657,-5.134601052974603,1.0512849121961034,0.8681052238281368
-0.14343616512427526,-5.153910612718024,1.0392691589600627,0.8699740656573123
-0.04542002358709413,-5.173683109546759,1.0320034322898264,0.8836946609875682
0.05254256771514416,-5.1936950122849845,1.0341524174324506,0.9085133437742198
0.15112901452508526,-5.210281858220666,1.048311721647363,0.9401034369393914
0.2503940354482503,-5.222255800300605,1.0598674355261999,0.9734535562867872
0.3500891948552592,-5.229903598807839,1.0847743270439882,1.006007095921001
0.45004886775198205,-5.230636589728885,1.1084529324533743,1.040843958651606
0.5494646962235518,-5.220398561090581,1.1504367107043034,1.073834330859213
0.646335815829317,-5.1960363991070375,1.203862921468778,1.101567404364745
0.7383015024483596,-5.157026745121903,1.1846747100215975,1.1228316502253826
0.8216388441612819,-5.102198145975838,1.1132352392211677,1.1349158623565054
0.893188831041366,-5.0326254742326455,1.0512494035373419,1.136313785996558
0.9501204785897099,-4.95057918479624,1.012687031640107,1.1190663600838249
0.9917305469099963,-4.859784750809058,1.0001962753848679,1.0930696895725018
1.0192223545345607,-4.763724884443167,0.9962023477805356,1.0554835916931593
1.0354690116057836,-4.6650986395728085,0.9979648252257373,1.0124430292214748
1.045400024950399,-4.5656284303463845,1.0013135658236558,0.9710974379062908
1.0471001261125037,-4.465679134466986,1.0225910712980815,0.9226977847904398
1.0423217846755857,-4.365821936770023,1.0105911055763084,0.877011208467405
1.0327287657249615,-4.266302321369516,0.9774510286209117,0.8362305840858196
1.0208170150024822,-4.1670293695962535,0.9505116251758463,0.8036046093655932
1.011830641000136,-4.067459409526198,0.926713698978111,0.785393563538572
1.002334843315626,-3.967927894083081,0.9113602753587684,0.7726840772638734
0.9915333374898337,-3.868530084938058,0.9004029713417082,0.7653331009955933
0.9790455442117447,-3.7693287564946387,0.9021755690944575,0.7693009901855159
0.9635023481742075,-3.6705566245985426,0.8958294291255025,0.7830580033699219
0.946329011598046,-3.572054404207607,0.8887788739604077,0.8074598339173767
0.9296310874708559,-3.473470549059104,0.8757972796066247,0.8435283535286927
0.9108826439628069,-3.375253458017923,0.8691136060582244,0.831741857766576
0.8910599942418729,-3.2772462735449217,0.860746034099441,0.8120260567853711
0.8729267236662684,-3.178924423956748,0.8622340889801532,0.7939904172070772
0.8551665412645337,-3.0805291433920696,0.869471245606297,0.7763306818942752
0.8339045132611985,-2.9828266650179596,0.8644739529891519,0.7559229090300598
0.8146255275024836,-2.884711797319373,0.8553478036731061,0.7378642154153098
0.7944700110716897,-2.7867723708343832,0.8508034509746896,0.7316837876633178
0.7745415236786979,-2.6887867013659457,0.8463204014129752,0.7393338076152478
0.7575190804273473,-2.5902760438036156,0.8401248273088535,0.7468987639161732
0.7416683081695431,-2.491549566173111,0.8406146968293347,0.7542663813677908
0.724650384068244,-2.3930165712551883,0.8357251433913807,0.7447507804705812
0.7104073675592109,-2.2940458379676434,0.827988691148437,0.7355400587383677
0.6961899390444205,-2.1950699978280777,0.8105460442236986,0.7279743605326873
0.6815951393922319,-2.0961591150643004,0.8014712811701099,0.7323721353174721
0.6623091429564392,-1.9980481544935313,0.7905362951282253,0.7455487253277847
0.6394584622688843,-1.90070777151995,0.7958002238542136,0.7680897418852475
0.6185619202410183,-1.802928005296285,0.8088185973154745,0.7891091051165094
0.597351356736153,-1.7052116569819846,0.8019851480273946,0.7679965720277016
0.5764944061179316,-1.6074196520065167,0.8043116353513966,0.7494344132262306
0.5581355204742161,-1.5091457081008728,0.7961288719181493,0.742757661089327
0.5378521213393963,-1.4112326809115316,0.802393631855437,0.7384416792110527
0.5180150045788979,-1.3132289019374799,0.7987643006230232,0.7480456167081698
0.5018983663142979,-1.214560911548005,0.7911036189616153,0.7742082215001862
0.4854382835227191,-1.1159468205868057,0.7773712899073064,0.7930552602070476
0.4697051537858323,-1.0172100918237097,0.7704569585251146,0.8161696937726236
0.4517929773704972,-0.9188407197077729,0.7566715597185038,0.8347322451126991
0.43303855023878857,-0.8206255860095841,0.7546391963907952,0.8573567242163698
0.4166042798130578,-0.7219986767457743,0.763445816991105,0.8798827342070006
0.4035228409652115,-0.6228756549505847,0.776536447454065,0.9118520219571002
0.3908147743534118,-0.5237234260083172,0.78925396218186,0.9536059338851007
0.37454296994523234,-0.42507269946424064,0.7792214387123577,1.0005569615800138
0.3612205713657865,-0.32598726309505754,0.774251350193218,1.057327032911752
0.34615718469380347,-0.22714819971261407,0.7838736384239003,1.0737793048005901
0.3357165363612276,-0.1277155497973346,0.7984778387719544,1.037116854475263
0.32826249409163455,-0.028007433099210367,0.8130736973720969,1.0119893762916885
0.32373850794857834,0.07188143982181566,0.8366138398797929,0.9880036891720144
0.32112411282304604,0.17183527762195605,0.8681748523669616,0.9642460124171415
0.3196667383016528,0.2718022929736158,0.8896985956610266,0.9353783164395386
0.32416296049769955,0.37166758355770024,0.916023008956037,0.9139130003454143
0.33610095250442507,0.4709176296115162,0.9452403831465863,0.8972565773182609
0.3530233418615801,0.5694397648820317,0.9791905419935681,0.8894410931243861
0.37837665989094826,0.6661350121691517,1.0133278962390575,0.885102754428581
0.41214865968123515,0.7602011566815405,1.030987324902299,0.8962307899739912
0.45194986242449137,0.8518971366497592,1.051624626732876,0.9058412365112627
0.498878720062227,0.9401537419656555,1.0735987699638143,0.93222945663515
0.5517526556141157,1.0249438774090165,1.09767797450543,0.974447150665402
0.6146826830978626,1.1025945324802364,1.1183828793066033,1.0026631228012637
0.6857671885360344,1.1728584025071072,1.130649882509358,1.0483060272848959
0.7639965706080869,1.2350431322398274,1.13908285183394,1.1097477256401278
0.8483651156353949,1.288588642129909,1.1394946668256436,1.1496358646080351
0.9377725976151811,1.333217332725342,1.136393039410607,1.0891656219356087
1.0314361986569525,1.3680111553182748,1.1306568537115935,1.0443446541267665
1.127921667584434,1.3940857279835643,1.1171183860736296,1.016256673742544
1.2262573961314318,1.4120036696682323,1.104074012032917,0.9983070359214732
1.3257680036033295,1.4212240290250502,1.0912252393200736,0.9890821036424245
1.4257259599341723,1.4199028789251071,1.0760417084102223,0.9904065565352986
1.525409175093841,1.4121499928960863,1.0556573998464034,0.9981539265590479
1.6249277231635157,1.4024363902530397,1.0425242733426368,1.0151833464000755
1.7246354341475636,1.395030048710132,1.03511512818341,1.0393630325266414
1.8245962505167783,1.3930486317236126,1.0331337207323008,1.0672616454275752
1.9244642005956292,1.3973092023758786,1.0373926073261652,1.0977483490682882
2.023490858937521,1.4106801537121343,1.0566519737795836,1.12777098513912
2.120003375253543,1.4363397174077621,1.096385073626889,1.1523677125959984
2.212878406027353,1.4731718179449989,1.1532975199886606,1.1594958080181006
2.3004674940159044,1.521146561558026,1.1747745034814083,1.162884389093243
2.3807307758893934,1.580627001259323,1.115574395092616,1.1612070235307648
2.4531766203511722,1.6494184794892774,1.0733925879944453,1.1559610287984452
2.518487088160866,1.7250526329243445,1.0435958170313802,1.1494506617479052
2.574966387021243,1.8074625710151162,1.0215832993568648,1.1296833366241388
2.622490221422951,1.8953856249029624,1.011581809996581,1.1041285888340084
2.6630595308368936,1.9867265273376244,0.9995774575630694,1.0795507177904973
2.694108926773248,2.0817412035355094,0.9986206355401624,1.0537612601411324
2.719086820892929,2.1785274345135965,0.9990168671525227,1.0292086265604137
2.7358777050174985,2.277052464620265,1.011225398377092,0.9984764085005484
2.745027354103813,2.3765910428487445,1.0253024252059721,0.9694974746638646
2.7494579768221747,2.476475389602426,1.0440344070784198,0.9455295276412041
2.7484366892043046,2.5764446513156107,1.060116698657613,0.9055722622184614
2.7427085683754058,2.6762499243930757,1.089675090333076,0.8630086880055741
2.733271845844188,2.775779408896017,1.1035562211927108,0.8267987570806691
2.7205539407452526,2.874952804461838,1.0632419397261945,0.7982698184521806
2.707409458859395,2.974045170642295,1.0272399063416893,0.7811517930994593
2.689610599106897,3.0724400187621965,1.004574029074946,0.7719182075793577
2.6696802657387226,3.170414382825566,0.9936884006859309,0.7734087058059045
2.64889115467911,3.2682193185681316,0.9648381295373256,0.7696654536681917
2.6266764783129535,3.3657098283031575,0.9343062282881925,0.7582554221266247
2.6015817511712136,3.462493543156846,0.9039486822762612,0.7569840484354121
2.579621222437581,3.560041434223594,0.8784380042943553,0.7719882993671532
2.5571263775837627,3.657462527995963,0.8643640962731269,0.7946064244266543
2.5342595465527067,3.7548018393564924,0.8587107521309184,0.7988271894799248
2.509703156111082,3.8517277606123117,0.8280096075996751,0.8084786434509825
2.4840528158614172,3.948370175319754,0.8084987588165999,0.8117006550550401
2.45445092881585,4.043868334412965,0.8051979108236004,0.8230495832467856
2.424127488233614,4.1391484223598765,0.8131900530842684,0.8356877639443542
2.391695606308339,4.233729751948911,0.8146017508031428,0.8347829630552762
2.3588777307417508,4.328179178668579,0.8197196040663204,0.8422254844286059
2.3248913436322276,4.4222169267128155,0.8132653067709245,0.8524492548774674
2.288546184458032,4.515354421429593,0.8215598251898573,0.8712257756477916
2.25296304660114,4.608800493338492,0.8219458342708815,0.8883169167625289
2.217402199149042,4.7022550014710145,0.8311264873149439,0.891369869084965
2.1822215840641115,4.795848372870438,0.8391261274336336,0.894891719179249
2.147330385104324,4.889550214062059,0.8391910262716088,0.9041199708895863
2.112961220341853,4.983446249201065,0.8495507604559067,0.918605253259742
2.080306784378157,5.077942991359253,0.8641304004524929,0.9414514910054996
2.0474942657166917,5.172375940820944,0.8669938713739876,0.9517779865966051
2.0187005366011643,5.268128036739291,0.8736444211775859,0.9547367497265427
1.9932174561197689,5.36481736586818,0.8675237163583418,0.9714408378748902
1.9711991686700945,5.462326982185713,0.8663965561008935,0.9720531122196061
1.9560340945145538,5.561159995003179,0.8507485810226311,0.9760490556463051
1.9461447572019317,5.660659378679456,0.8413815206885401,0.9661581890629832
1.9408217190686983,5.760479959143006,0.8392708684943951,0.9608352866296178
1.940857846911592,5.860450030196239,0.8120933708780598,0.9608722832072732
1.9420714319540406,5.960411005141575,0.7932516336824824,0.9620866938639717
1.9501606971154273,6.060073830244811,0.7798795204688378,0.9561052177850796
1.9617729666871586,6.159368151835304,0.7682611640484409,0.9479076012023289
1.9765446889360763,6.258262329069921,0.7534805165888637,0.9495315545746335
1.99347911091031,6.356792724477444,0.7365360172255562,0.9403038684490319
2.0115665260339135,6.455133525406607,0.7257880687088725,0.9196057983783454
2.0329679467105493,6.552805272927641,0.7253602575201784,0.8906096709957864
2.052918437108398,6.650772714020106,0.740041565867247,0.8569867072648406
2.075570759204391,6.748152348414998,0.7532869368247234,0.829550135009569
2.099914724702525,6.845135587189918,0.7652973633933253,0.8146669483544503
2.1257549238514604,6.9417148718334625,0.778215059055138,0.8027775338307996
2.154149343917456,7.037590416896601,0.7894440087904488,0.7949487123550055
2.1841119355297764,7.132968057844999,0.7981266941320501,0.7817616001442494
2.2203267781181815,7.226148315398974,0.8013659018102642,0.7794897630538938
2.2591932917374886,7.318269113275686,0.8141249455250081,0.7851563200235048
2.3031577755939794,7.408059427055321,0.8331923789150482,0.7864864856823447
2.3507590574878257,7.495976733581378,0.8265652619019116,0.796967081856472
2.4020799675993163,7.581788131121454,0.8277315743987717,0.815436065511853
2.4535753299191114,7.667497445224971,0.8406728147811983,0.8272589388926301
2.507094365066153,7.751960964000445,0.856086664634514,0.8198391842754159
2.5608163129008945,7.836295624598151,0.8561502855944616,0.8246094651068526
2.616054244247519,7.919635506974244,0.859284505210562,0.8349440148224534
2.673076900838298,8.001774212273174,0.8567141605790977,0.8223565476352529
2.730547938024036,8.083578712465876,0.8559743611435703,0.8223877500292613
2.7898636570475457,8.164075851835413,0.8519019127945354,0.817273228022942
2.848655857167547,8.244954481054386,0.8397625163957341,0.8081540520058434
2.9073460363257997,8.32590786986182,0.8160396332026825,0.8112224825081376
2.9657755817635945,8.407049449442658,0.8044579382281671,0.8133437272059403
3.0241677083861123,8.488218058215498,0.8052667682535233,0.817464418310896
3.0826880987783585,8.569294750543976,0.818229266027311,0.8184496127710159
3.142473297997078,8.649441819253862,0.8325903454692558,0.8256830940898717
3.2025152097760636,8.729397965057494,0.8437480160161115,0.845082815979329
3.2628036116727688,8.809169197132533,0.8355373246100535,0.837113971783076
3.324145955225066,8.888131368050832,0.837920805288672,0.824669287940929
3.3880704815954985,8.96500592000922,0.8470870943255387,0.8195226745453881
3.45211562940561,9.041794162972922,0.849210351131801,0.826675430673726
3.5172046823124163,9.117698309725638,0.8364697920416154,0.8396590087878293
3.583680836048391,9.1923902749337,0.8337438512896181,0.8512934313359136
3.65043270011392,9.266833961964716,0.8391844005536182,0.8582261530039637
3.71916787785433,9.339454381456369,0.8419312832093693,0.8554811550993813
3.788474769034103,9.411529522188893,0.8438881161013707,0.8535262154987783
3.8590729131885264,9.482341114699569,0.8440385171876019,0.8533779300592672
3.9294106979450363,9.553411057911877,0.844555620984781,0.8528629200806144
3.9988979093999926,9.625312370249828,0.8462620027752665,0.8511585689339316
4.067766339267146,9.697802070705995,0.8521868946478708,0.8486004359883403
4.136105132122426,9.770796525454822,0.8703563454560022,0.8453107342139454
4.2043002688870335,9.843925067491291,0.8907151516470289,0.849263874292635
4.270825822901894,9.91856327918203,0.8964526886854757,0.8626313519887642
4.334873391474257,9.995348984990004,0.9054627099815521,0.8716876786853369
4.396341993306403,10.074203831448369,0.9177625385170081,0.879719483058872
4.455026992428913,10.155140962334306,0.8911823198012347,0.8809105650944449
4.5085050022107644,10.239619152632113,0.8597708652253125,0.8804841125385561
4.559314812191606,10.32573041571131,0.836242485286346,0.8710981785624335
4.606909317604959,10.413654509621098,0.812040730616141,0.865193781499575
4.648645289351191,10.504515133096794,0.797588961382437,0.8642733287560223
4.686110538323687,10.597189925399642,0.7852801409951007,0.8502568002417725
4.719361074770508,10.691487849720048,0.7786488381094239,0.8310011826836796
4.750432107104676,10.786526489032456,0.7754836691027756,0.8145815044276995
4.779612135856955,10.882163917594035,0.7715076042016814,0.8036948589399999
4.8048415886479505,10.978889974299886,0.7759092541740616,0.8010804140017517
4.82626769478548,11.076559320385243,0.7784088139480824,0.7877588392749142
4.848109811409766,11.174135756516305,0.7879963953476709,0.7835355192021936
4.871281051472489,11.271403889274346,0.7882855489308734,0.7780479648235792
4.893217132202579,11.368957014464547,0.7994517360044828,0.7603800888280012
4.916306030479813,11.46624462123884,0.8196191335417949,0.7482928816157625
4.938904265071558,11.563643519266122,0.8278093909624609,0.7279939631010558
4.960528872234068,11.661265699511771,0.8353657733519304,0.7163530833119917
4.980476264484425,11.759243896103094,0.8407863007944077,0.7168619280108872
4.998731991034748,11.857550087843556,0.8503707920093562,0.7239923560025359
5.0117976475602175,11.956675919469145,0.8642557330810904,0.7318961844927391
5.02265431120587,12.056048200060456,0.8573469161392246,0.7402799100027966
5.035239869958975,12.155231505640453,0.8503948143285998,0.7331678045307292
5.051669060027386,12.253860702125802,0.851287322181059,0.7339228747759007
5.070258471244303,12.352108787261438,0.8616706628687058,0.7503029810802347
5.087422821662469,12.450612987115557,0.8847131015337443,0.777909161739751
5.103769492938909,12.549253091777913,0.9188884528985249,0.816153976108217
5.116517387781889,12.648423510487232,0.9607030419845711,0.8612048565782378
5.125351350309646,12.747992903223397,0.9759495707969709,0.9117359877887431
5.125864524901107,12.84792160939471,1.0010058572454057,0.9560722292619537
5.1150027785449605,12.947223833829812,1.033028035844875,0.9970868851775434
5.093605830241512,13.044821300843212,1.0704195874051388,1.0367259063699437
5.058492617494966,13.138304059480193,1.122043613271815,1.0713389243574543
5.008882920045913,13.224969339649869,1.1418796529497672,1.0921149319988757
4.946770755370711,13.30326341933599,1.083356684647066,1.1052080464601268
4.874164411439573,13.3718845534801,1.03598894830154,1.1130322042966718
4.792427117958667,13.429303511459748,0.987279255074976,1.115358155489156
4.703035589375566,13.474000475710794,0.9578045506099611,1.1117796421773436
4.609831110443008,13.510140501058471,0.9474222240475036,1.1025940814587392
4.514031095566082,13.538726962737082,0.9303626139706186,1.082980444631199
4.416227967678742,13.55941683670854,0.9271644967257721,1.064261890259567
4.317732475895231,13.576611512118108,0.9382361886599146,1.0511697140510021
4.2188732620050855,13.591611877405054,0.9617937110275079,1.0340751551301368
4.119800685441737,13.605131102999016,0.995422907449602,1.008585028534268
4.020719507672418,13.618545162477343,1.0056859524995396,0.9830087293609385
3.9221585830133656,13.635380914437427,1.01056930389433,0.9574163100151396
3.823469850102483,13.65136256710996,1.025753212053793,0.9370628369583436
3.7244502232832195,13.665268040954174,1.026815315512727,0.925001676259611
3.625056341322652,13.675995037371282,1.0340214246987647,0.9204699356594702
3.5253491657250775,13.68351580939551,1.031895772823208,0.9235601905382707
3.4256260283772426,13.690772533948314,1.039691474733155,0.930815737533775
3.3257910373624737,13.696244442951848,1.0586719775460556,0.9362876430233562
3.22581113732889,13.697779817611446,1.0696520656778168,0.9378246011847983
3.1258945382613854,13.694510090319431,1.089150750046418,0.9408548733862161
3.0266335331465832,13.682697130036736,1.1252728058439607,0.9459263252189104
2.928984074750176,13.661403766042662,1.1494203760743595,0.9519242931284032
2.8342333981511985,13.629662186039223,1.1436223139723192,0.9575526194356364
2.7447892441698976,13.585291882583512,1.069382671563228,0.9598905304783473
2.6618428605409035,13.529596968336854,1.0098127786361624,0.95956301866702
2.5855510579252194,13.465057981138973,0.9669211762689465,0.94552800015242
2.514470122515172,13.394760294635052,0.9403007975323244,0.9276194756873527
2.4453936922806805,13.322464777908218,0.9266017641975579,0.9174540892922165
2.3784692954922115,13.248174411957942,0.9265189003902062,0.9151986351502018
2.312569046393542,13.172971440999362,0.9330967309375695,0.922464831168644
2.2459742678009618,13.098395023320997,0.9166523611315565,0.939564473493044
2.176372179047417,13.026613508968405,0.9066214988286158,0.9529969855250613
2.1036286627078153,12.958036088313094,0.9030776417989391,0.9808044007719687
2.025612073158157,12.895522366140568,0.8920990717449034,1.0188990014555903
1.942053305252715,12.840770616683766,0.8821049532991252,1.0107889806218489
1.853331907500407,12.794845249090864,0.8731433658471488,0.99245976203572
1.7599116080601114,12.759297970555773,0.8572742180990689,0.9953719936792854
1.663846492831873,12.73157850930276,0.8408324580886034,1.0163061349962719
1.5674007648464376,12.705189599628957,0.8347220711071462,1.0454806606623288
1.4712211348932152,12.67785415199833,0.8415224141962573,1.0749530462029084
1.3760439295314748,12.64724281891971,0.8632819326024972,1.0986382639716543
1.28255788074642,12.611799165117528,0.8989454948117704,1.1214898927364871
1.1929351042220222,12.567574232025686,0.9435936451162227,1.1396984214480077
1.1103608021635032,12.511447796558484,0.999188098754182,1.1482779555075608
1.0378666041714195,12.442695472809389,1.067335746367572,1.1493785090197388
0.9741768206045732,12.365714714275953,1.0767124517306894,1.1399745386811873
0.9184157775836124,12.282753543935886,1.0576711714424374,1.1207012788254926
0.8691005441222,12.19580496013943,1.0301344265755246,1.1009755560774428
0.8289772493667986,12.104291097766348,1.0080558500108625,1.0799044956876178
0.7944500119037521,12.010465853356752,0.9879353649804434,1.0617797179061728
0.764103304770183,11.915199488780516,0.9820938496691665,1.048463395591959
0.73729027115916,11.818873637783954,0.9631812784078182,1.03645487067087
0.7166597773232758,11.721034188482744,0.9586610416988122,1.023267809908198
0.696779679660834,11.623038912264523,0.9650055508276929,1.0032908541896473
0.6795684231317665,11.524545795750996,0.9676291415194558,0.9880034016729905
0.6612865086974066,11.426244462212528,0.9674250415989575,0.9832949122815282
0.6448189506016957,11.327625276368192,0.9793202264511126,0.9685020151757995
0.6268378610869833,11.229270233191443,0.999624666601229,0.9654435692808478
0.6082790153342681,11.131018562225668,1.007438340551103,0.9732905012894989
0.5892211776502012,11.032864027969458,1.0094839802181914,0.9917072882001755
0.5687496386150002,10.93499539356363,1.003827402097188,0.9902167041976631
0.5492991354928871,10.836915495961232,1.006580668442814,0.9900826885851431
0.5306615683084299,10.738675952438895,1.0047404907719422,0.9808667565502356
0.5128783022007432,10.64027948272289,1.000854626699613,0.980933179635836
0.49635446003799205,10.541666950781234,1.00820107882871,0.9812887910025949
0.47897382515599435,10.443199546815855,0.9989965528708883,0.972572011717564
0.4633636959603679,10.344437826058389,0.9890068175472172,0.9723029285036906
0.44751974136144357,10.245724513519031,0.9888365260534047,0.9824992370060707
0.43667849045945634,10.146333530423936,1.0036979241462634,0.9855039394657301
0.42709170490719306,10.04681984792734,1.0047615254549815,0.9708392920680329
0.4161946732120914,9.947429660142701,1.011159338670831,0.967664633590828
0.40793198285067217,9.847779936133326,1.0298776838582002,0.9721591689149565
0.401001120921121,9.748045810002695,1.0447302482012197,0.9661873457815725
0.3911797440538381,9.648540756171844,1.0539342889013081,0.953378626392612
0.3820222824790716,9.548985011521463,1.0646214061787638,0.9503015958095519
0.3689741585373805,9.449852238106876,1.071606184444908,0.9615825054687653
0.3552850110954659,9.350817041763715,1.0871387145343163,0.9835788355424033
0.33515374100230516,9.252884110322517,1.0917161124188266,1.0210157918476503
0.31105262323222793,9.155844485523428,1.0978869875799169,1.0644507862890815
0.2865714901216137,9.0589007897966,1.0969592474988203,1.094359895716064
0.26301707076761,8.961724005322235,1.0830940588442513,1.1177914945473548
0.23809283701089662,8.864889958678551,1.0637692554413793,1.1503774495958072
0.20924435675141967,8.769193876778177,1.0495480597878861,1.1941155176930511
0.17486814684826418,8.675303711161474,1.038924200677372,1.1912535944839253
0.13812871708106597,8.582308247843507,1.035342008503535,1.1789321475391292
0.10222544563977456,8.48898955958466,1.042283039645982,1.1712052239645032
0.06660228977891056,8.395564493258,1.037427427811847,1.17168924668839
0.033290785234708645,8.301284511582018,1.0124193481854082,1.167407314721072
0.0007078033370436533,8.206751871821352,0.9976256976890595,1.1501639642636785
-0.033038135264385586,8.112627999241946,0.9914995349972714,1.1419878588599826
-0.06540009321262233,8.01801817363444,0.9859722211098453,1.1256018165055797
-0.09621964956863707,7.922897518634286,0.9753659592914893,1.1163297854928524
-0.12723304050550638,7.827840134995122,0.9547277535770591,1.11210822957208
-0.15644560446693895,7.732214132852264,0.9461679030136045,1.0846276291917563
-0.18220507220141177,7.63562738529351,0.9517010951037947,1.055204500552749
-0.20661770573711724,7.538665256001706,0.9579984272181703,1.0332578912946242
-0.22909981614855368,7.4412380213410145,0.9577350497390656,1.0166608562268438
-0.2510344192044762,7.3436861025533915,0.9596137684015944,1.002202925881595
-0.27164177956470886,7.245867834398517,0.9681819862990209,0.9811456022281427
-0.2856981416739122,7.14687707838387,0.9794398122784657,0.9600886936036837
-0.2979430936079563,7.047641239731036,0.9953150316182211,0.947326718112429
-0.3103013093272668,6.948423802972055,1.0094900764923445,0.9451440601596299
-0.3248650929448504,6.849501815391053,1.0220058601285278,0.9557008695665608
-0.33897204659033214,6.750528762766934,1.035615125374999,0.9509773778751356
-0.35113009435790515,6.651279182766493,1.035238526544481,0.9462919995492317
-0.36192609372368933,6.551873657354743,1.0441258518621648,0.9444727592785619
-0.37275619049505576,6.452478177279213,1.0611766921531527,0.9363688525588013
-0.38365368653757537,6.353084892548978,1.0711396645678901,0.925761990658431
-0.39475970861740695,6.253728070779901,1.0900116212165198,0.9261040575552599
-0.4044387861956504,6.154205728357366,1.0939157986498746,0.9357563870440129
-0.41381671003965553,6.05465740041842,1.1069213584943713,0.9451075799493565
-0.42622022412203675,5.955437762528327,1.1257192571655945,0.9574641567432571
-0.4382185710578989,5.856171130166247,1.1392259212986697,0.9694199616310152
-0.44666946458071544,5.756537010851935,1.1465665249956598,0.9778518577475032
-0.455175469333359,5.65690947499803,1.1624385686627154,0.9863388365995773
-0.46720787995974516,5.5576442318466155,1.1646509595496923,0.9983312880944053
-0.479396103103058,5.458397928979207,1.1696478786674187,1.0104797506326737
-0.49103763260513666,5.359086967885528,1.1809619399513038,1.0254161462837619
-0.49709866568124617,5.259291880448792,1.1849413696295477,1.040864859158961
-0.5001976732211311,5.159353905445128,1.2002043454949496,1.062662790151772
-0.5039574207078718,5.059432711234581,1.2193053620153744,1.0938271095414287
-0.508883058477987,4.9595641150230625,1.225776752624793,1.1211169359252908
-0.5194313066083623,4.860131295257021,1.2347323068783294,1.156496580789857
-0.5341263509538785,4.7612542525735,1.2475224290468656,1.1979649929256126
-0.5610029910523615,4.664973199209779,1.2467204329058412,1.2509436768049393
-0.5914615717596425,4.569735353060875,1.2444417558691394,1.3061261445344499
-0.6265004253545919,4.4760947623214715,1.22740047972115,1.364200976234128
-0.6661710960182995,4.384337502367742,1.2087361863642443,1.4306421120895845
-0.7088764729069656,4.293929580343213,1.181220610571817,1.3827192890778237
-0.7565079661660534,4.206051588379941,1.1544671609760748,1.3266417979747782
-0.807354657653461,4.119953658083693,1.1322768138544874,1.2755397660996526
-0.857873873539066,4.033666499482893,1.1031375727871733,1.2301137999542018
-0.9100926529316423,3.9483957504346163,1.0793664286186526,1.1932265230250458
-0.9618649479218832,3.86285143357509,1.0488992592955055,1.1632784232659688
-1.0150583343172068,3.7781923976294647,1.00942442070934,1.1429840061850887
-1.0690690617495628,3.694050885518863,0.9676624351043398,1.130185692068635
-1.1193685889861842,3.607644539834971,0.9389708865964964,1.1152696292158242
-1.1675982635080648,3.520055202856142,0.9226661624832009,1.104128724565462
-1.2121851266878247,3.4305947929930993,0.9095447745450733,1.0834328379818976
-1.2506331426939654,3.3383153093700324,0.9054880023401531,1.0649785607922246
-1.285335847497859,3.244539785911031,0.9050366051438289,1.03926289113504
-1.318535568094009,3.150227354019519,0.8979779390123037,1.0159558784833478
-1.3488835208249503,3.054952446459347,0.8969021388654406,0.9991334887455654
-1.3789142223251167,2.959582428527497,0.8947380921026696,0.9869008428757334
-1.40903010993485,2.864236964190537,0.8868733392615124,0.9651678925089656
-1.4405236551116587,2.769339712212846,0.8847011171026092,0.9418113465113254
-1.4687773542372613,2.6734359885583014,0.8895575704159907,0.9253124106730004
-1.493847516753953,2.5766439565899835,0.8957224083923223,0.9114873216305808
-1.5195867946611876,2.480026387808193,0.9023628516056065,0.9038304879617012
-1.5447633956012847,2.383256218045526,0.8890402123450487,0.9066157064085874
-1.5698812169768874,2.28647683007575,0.8792089946091969,0.9120105276623096
-1.5954508023638585,2.18982727914907,0.8772113744939077,0.8963319310384977
-1.6174087343216401,2.09228062476888,0.8689514600478213,0.887933608282022
-1.642940190808776,1.9956122600085182,0.86832249062142,0.8944104841745056
-1.666912832030662,1.8985556150644753,0.8723508606702114,0.898092028703441
-1.6922007103434389,1.8018143207572521,0.8688741405552803,0.895309848719866
-1.7147169593529241,1.7044114448019487,0.873658279262203,0.9008221608584821
-1.7365879382274323,1.606851638363054,0.8840093864621233,0.9125178167118579
-1.7603542583948102,1.5097258249736187,0.8855624981927785,0.9101374024993084
-1.7832139740291235,1.4123950549658864,0.8923640932577672,0.9045466095536006
-1.8087452965193975,1.315720672458813,0.8907808143240288,0.9055477346295141
-1.834947261247943,1.2192228211686549,0.8861825443103436,0.9044691581498723
-1.857908948026095,1.1219089027504512,0.873715433529977,0.9033767962065394
-1.8831995278641873,1.0251739523296906,0.8702025046929596,0.8961846106438877
-1.908268114187385,0.9283757370013771,0.8758002336057392,0.898348035190472
-1.933346220661984,0.8315797586250926,0.8694632169600595,0.8924907232500541
-1.956969274238753,0.7344359502423389,0.8659527664636751,0.8963111812602162
-1.9800159681616145,0.637146885151978,0.8566917924446479,0.8978997913354198
-2.0033937268474227,0.5399265214266681,0.8587099506529159,0.9028140207383758
-2.02675420878373,0.4427017749563524,0.8629972695458065,0.9141506865354017
-2.0523145953260813,0.3460451057008432,0.8627216846145958,0.9313163904619758
-2.0768903386255384,0.2491343609872727,0.8487789297886581,0.9284092422867954
-2.100299022873341,0.1519246591264265,0.8426103224271384,0.9057808845596569
-2.1261175541081943,0.055323749560832455,0.8439756201135079,0.8963107027093737
-2.1490475944519516,-0.041981590239253,0.8282686563038658,0.8949745839803068
-2.1709406216931697,-0.13953665851023916,0.8255368184760575,0.8867481500789584
-2.193239241562367,-0.23700939862845988,0.8271590510455405,0.8863645162408013
-2.212257642412881,-0.3351629018856751,0.8171774519247174,0.8906166439049482
-2.2295132411227123,-0.4336517520838085,0.8211518276897589,0.8863889364888826
-2.2499728748702994,-0.5315240319181483,0.821050102384926,0.8877672545526936
-2.269327839872071,-0.629604197982472,0.81265717497305,0.8766110466428576
-2.2914692747839838,-0.7271135352168195,0.8136780052511899,0.8796230991790526
-2.312510538078842,-0.8248513749385646,0.8222435888465683,0.8770273667093597
-2.3346544338758415,-0.9223491920313401,0.8223634755249675,0.881467204760565
-2.35670892110791,-1.0198661824402608,0.825935204733944,0.8717143516038587
-2.3775767355400497,-1.1176422732254512,0.8367150713866468,0.8552511636420989
-2.401106912662576,-1.2148261547801344,0.839877620742164,0.8530295701482389
-2.422767299790284,-1.312426112809011,0.8463644568296036,0.8605754823743609
-2.4466043533772104,-1.4095351000803555,0.8610567522213322,0.8796887219592572
-2.4707784192148146,-1.5065542759799553,0.8667217868232174,0.8677942907125611
-2.4971007675425976,-1.6030190594420823,0.8815700106952302,0.8606434012262392
-2.5222090958591497,-1.6998051266089513,0.8776214495014297,0.8515516220816419
-2.5471603802466856,-1.7966275587476854,0.8741882978076535,0.833895023816684
-2.5697621566351843,-1.8940066140826077,0.8516393583649171,0.8256051548283034
-2.5890928864962457,-1.9921101718827319,0.8322335917344458,0.82603223119479
-2.6075733692685317,-2.0903734888161587,0.8173809561051623,0.818755758796762
-2.6251269145991762,-2.188809571022427,0.8115822902114829,0.8189615744150949
-2.639077293272781,-2.2878172408104023,0.8216660395159989,0.8239912721199684
-2.651073840958806,-2.387055645370996,0.8349333343902937,0.8311268066451798
-2.6628778898520875,-2.4863469810519625,0.8485807626953582,0.8429245101025763
