-0.17187151738353312,-0.5744822231950617,0.7409412303963373,0.7030864502229485
-0.1687110561430278,-0.47460925366824774,0.7666661738731751,0.686669701445829
-0.16170702587309602,-0.37492850857553306,0.7618072114623613,0.6884330416916468
-0.15398211293499528,-0.2753082579126107,0.7540881197623844,0.696150990376628
-0.14416263991637365,-0.17586073704733957,0.7442780374426666,0.7059601410339524
-0.13454579299031078,-0.07639349382667465,0.7346707242863499,0.7155676102201903
-0.12547251553486158,0.023124586940975952,0.7256064236359049,0.7246329538354078
-0.11728589074707992,0.12271916195611232,0.7174275156648412,0.7030474989824436
-0.11033207214603187,0.22240688509961964,0.7104795680847098,0.6931415642645707
-0.10496056407494636,0.32219171262408053,0.7051117549352415,0.6959815431455739
-0.10152356999788108,0.4220610712946894,0.7016763385578444,0.6992290404254834
-0.10037411424452294,0.521981978849364,0.7005268958316544,0.7003784999459425
-0.09818336558611175,0.6218839408564841,0.6983367851102852,0.7025672621132354
-0.09646703277539218,0.7217995548761043,0.6966207025431022,0.7042827548210182
-0.09598221117637117,0.8217284743696693,0.6961355807699281,0.704768663677747
-0.09690331623116397,0.9216540296750868,0.6970561474747287,0.7038499925145327
-0.09940356004675037,1.0215522168992475,0.6995560818778256,0.701352620911642
-0.09999999999954134,1.121473713494337,0.7001521424043768,0.7007580950543137
-0.09999999999954134,1.2214048493967367,0.7001516924025604,0.7007598152919018
-0.09999999999954134,1.3213359852991287,0.7001512430670143,0.70076153747585
-0.09999999999954134,1.42126712120153,0.7001507943977392,0.7007632616061449
-0.09999999999954134,1.521198257103922,0.700150346394737,0.7007649876827712
-0.09999999999954134,1.6211293930063269,0.7001498990580086,0.7007667157057156
-0.09999999999954134,1.7210605289087206,0.7001494523875554,0.7007684456749624
-0.09999999999954134,1.820991664811119,0.7001490063833786,0.7007701775904982
-0.09665118572647138,1.9208480763987572,0.6968020114138197,0.7041135687723338
-0.08972015667082239,2.0205357835019218,0.6898771948404376,0.7110276469757332
-0.08217082973372863,2.1201808974646426,0.6823353605606228,0.7185578611307473
-0.0762003280679117,2.219929038951337,0.676369905785207,0.7245158522199647
-0.07382014409222963,2.3198189233886697,0.6739907624638255,0.7380966217832399
-0.07683419193486027,2.4196821644984325,0.6770050891955703,0.7594564028402433
-0.08722873679424688,2.5190342908734293,0.6874096100301432,0.7860091051914987
-0.10738060949000736,2.616846482949017,0.7121225650940866,0.8147815236487597
-0.13991973917735775,2.711210084497341,0.7606581814250887,0.8424637098057735
-0.18712756454686202,2.7990904341267298,0.8303119498031305,0.8656692536993822
-0.24986857665487272,2.876629701911948,0.7633721981132938,0.8774567361994818
-0.32726385915660117,2.9395547217931544,0.7008638042306934,0.8647281393320634
-0.4149680086976406,2.987112002568634,0.6539031725906506,0.8449268180844646
-0.5090392536967041,3.020488384782366,0.6209514012881684,0.8211658234560518
-0.6065537385405718,3.0420104612563064,0.5996546179635247,0.7968491258731347
-0.7059234414459089,3.0519462293602118,0.5897880250049304,0.7628883619268665
-0.8057693979071677,3.0549519166377666,0.5867961212872242,0.7212656885081499
-0.9055658689355008,3.050276100366363,0.5914667809357665,0.6842668875293554
-1.0050848136412671,3.0412400335533922,0.6010853058039404,0.6561453900020626
-1.1045173346665098,3.031270394459683,0.6117101060227285,0.6415622696341527
-1.2041875931493182,3.02424571901576,0.6352018739861761,0.634534036928774
-1.3041008763764972,3.023487160081809,0.667151177768343,0.6323305370719141
-1.4037504532418026,3.030337045287578,0.7050786725087237,0.6116816730302654
-1.5022936458302516,3.0462610664590577,0.7436178236746118,0.60938591685925
-1.5977398637200597,3.0755500061623637,0.7721952602884778,0.6364488161738993
-1.6876899492515365,3.118793685856828,0.7909298584887068,0.6792131989090442
-1.767943190594169,3.178035166386507,0.7989813864686022,0.7322593719170535
-1.8350685572812087,3.251777145892599,0.7943047881099927,0.6649914001249062
-1.888216401571017,3.3362937366076886,0.7775705298683803,0.6122662922557194
-1.9270054878404685,3.428263834042567,0.7573154141202286,0.5739003113162776
-1.953452164326698,3.524594801110437,0.7368491965001334,0.5477187073159184
-1.9687922624042082,3.6232795346085194,0.7182760617949694,0.5324950241995454
-1.975678440809252,3.722966896453271,0.6814629477646118,0.5256403100266773
-1.9749124264431024,3.822872068976542,0.6484609220283412,0.5264036273387642
-1.967120569666535,3.922481704070975,0.6227847350346817,0.5341961774653616
-1.9569414004142238,4.02188711613984,0.6101290144308132,0.5443845986367963
-1.9433244369507634,4.120880264472186,0.5943051718296545,0.5580312460225246
-1.9299090266682302,4.219890038358946,0.5808602446681032,0.5714756763680837
-1.9170705711627907,4.318983791729751,0.5679961516271724,0.5843387173538575
-1.9037212277927957,4.418017583090766,0.5546185986671286,0.5977155874187068
-1.8891999255097673,4.516887065882583,0.5400616935338123,0.6122729891064211
-1.8704834676960989,4.615029261937125,0.521275780639398,0.6310660319364488
-1.84889800518286,4.712596398603982,0.4995953490108786,0.6312956856963089
-1.8222029025257727,4.80886596851764,0.47275048977333045,0.6011155209011028
-1.7919386100639365,4.904097958138678,0.4574154267006056,0.5769783036975759
-1.7582758462699442,4.998171002759922,0.45837324600371177,0.5547235963553713
-1.7192030763506536,5.090144481619179,0.45689353959299844,0.5436454355343778
-1.6777332752975616,5.181061955337846,0.474324078635027,0.5246820061353759
-1.6339708412911764,5.270896998032601,0.5087890534694902,0.5160259572627129
-1.5874930528939362,5.3593385116972545,0.5225251917329579,0.505113783024356
-1.5354779105069114,5.444641788539824,0.5338396859195095,0.5082340936653746
-1.4811530322940307,5.528515920804268,0.5442914383993802,0.5042072037159724
-1.4233161383138815,5.6099836520676165,0.5603214236440216,0.5106887179183148
-1.3629596446645238,5.689628446175929,0.5475707432373733,0.5179407132095902
-1.2996745191909929,5.766944021001173,0.5491684327740982,0.5118492269839093
-1.2347165465722585,5.842882099660499,0.5569302574055843,0.5174522085251184
-1.1689124164605638,5.91808842495402,0.5585022728975088,0.533465230731023
-1.1038672832875438,5.993946518854385,0.542063460555339,0.5278372850692252
-1.037922757241342,6.069029837993528,0.5426132900791131,0.5370842131744964
-0.9729659711024817,6.144961567334189,0.5503603278626209,0.5479419675896683
-0.9107905855238613,6.223194528652438,0.5616897423777178,0.5365770349584505
-0.849816214255503,6.302361772846686,0.5648123811408601,0.5415765523219329
-0.7905702379215305,6.382825826517501,0.5583742657542305,0.543614615416341
-0.7330678120702371,6.464544199090189,0.5717662729264127,0.526656301505485
-0.6778571546518222,6.547837161448552,0.5915091025707658,0.5081355894967525
-0.6253220473342457,6.632820808183545,0.6006515923488388,0.5057752407040994
-0.5772706598579653,6.720412171137529,0.6100164543227594,0.5161085614152722
-0.5337083843026201,6.810323107801075,0.6398919984549708,0.5174806127448491
-0.4952030596672718,6.902528405453503,0.6624659213762543,0.5214702085540479
-0.460142329011482,6.996100070756569,0.6871224061454951,0.523556530830572
-0.4302768525208915,7.091423627024958,0.7296880985922005,0.5339381266994502
-0.4061959109071676,7.188403600426719,0.7388264391588119,0.5443971319551478
-0.385850660471623,7.2862376237125615,0.7367536846892792,0.5648174413140348
-0.36805920753515636,7.384570615814484,0.718906340842691,0.5826641739566971
-0.35300772635456296,7.483340974178699,0.703817427438171,0.5977530664642922
-0.34051258499694464,7.58248779347139,0.6913001051882418,0.6102700094624722
-0.328410774879519,7.681674897924846,0.679177623228649,0.6223921039477786
-0.3177568458556074,7.781030415624515,0.6685094055864248,0.6330596404440095
-0.3101074619076648,7.880664770243097,0.6608555852251311,0.6407123627399218
-0.30462989583425315,7.9804362429915985,0.6553776641224726,0.6461891431346801
-0.29976182875651053,8.080245329098865,0.650510367857423,0.6510553418687409
-0.2980542673146896,8.18015486309239,0.6488047765219974,0.652759998043475
-0.296252470117641,8.280067021719493,0.6594179892052008,0.6545586580411076
-0.2967113661297926,8.379993273208788,0.6867410980459059,0.6540987338430762
-0.2960120796493993,8.479919003771077,0.6976628859619614,0.6547955870724739
-0.2963223459113245,8.579848634150919,0.6979710375609287,0.6544839428303513
-0.29813953601143195,8.679761952118577,0.699783687046361,0.6526680448309269
-0.29999999999955307,8.779664057275816,0.701640298984064,0.6508094934880593
-0.29999999999955307,8.879595193178215,0.701638822994775,0.6508076511039419
-0.29999999999955307,8.979526329080613,0.7016373476675277,0.6508058108149187
-0.29999999999955307,9.079457464983012,0.7016358730023278,0.6508039726210075
-0.3012728177707468,9.17936803036261,0.7029056582108554,0.6495319139401097
-0.3034263324555301,9.279274552794675,0.7050543900277747,0.6473804593044448
-0.30148701091189756,9.379179422667676,0.7031198765423524,0.6493168385800026
-0.29936620588792834,9.47908801558022,0.7012980355383883,0.6514343113671107
-0.2975066218509423,9.579001811823241,0.7138618056650223,0.6559887563425201
-0.29590830993823986,9.678920129030786,0.7400788618785143,0.6752095520267478
-0.29457131414664267,9.778842284432123,0.7450663462429419,0.705522460168023
-0.2934956713266173,9.87876759491239,0.7439908434155992,0.7065974538982599
-0.2926814111773126,9.978695377073329,0.7431764595875031,0.7074110625035263
-0.29212855624259315,10.078624947294072,0.7426232416806947,0.7079632740918819
-0.291837121907987,10.178555621791993,0.7423312300077862,0.7082540837893416
-0.2918071163986208,10.278486716683592,0.7423004581687049,0.7082834937663417
-0.29203854077809166,10.378417548045386,0.7425309529519184,0.7080515132691587
-0.29253138894830544,10.47834743197483,0.7430227342409204,0.7075581586564691
-0.2932856476502715,10.578275684651228,0.7437758149266601,0.7068034534413397
-0.29430129646584186,10.678201622396614,0.7447902008265554,0.705787428338999
-0.2955783078204324,10.77812456173662,0.746065890610708,0.7045101213207647
-0.2971166469866628,10.878043819461285,0.7476028757357785,0.7029715776746703
-0.2989162720889918,10.977958712685806,0.7494011403870415,0.7011718500732788
-0.3009771341092673,11.077868558911232,0.7514606614289051,0.7046398225459408
-0.303299176893249,11.17777267608505,0.7537814083642381,0.7218025247096665
-0.3019099829774334,11.277683333572524,0.7523930645296045,0.7481520820234862
-0.29999999999955307,11.377584848967267,0.7504845990249064,0.7500620014370765
-0.29999999999955307,11.477515984869665,0.7504838231230289,0.7500624777114783
-0.2987899199325544,11.57742756417868,0.74927445084393,0.7512726817566702
-0.29660424424388765,11.677333313475085,0.7470903291455595,0.7534583250543185
-0.2959648114862487,11.777261216022925,0.746450649895502,0.7540981399316506
-0.29669818305786416,11.877188736608458,0.7471828965794279,0.753365261792892
-0.2986298343714852,11.977100508294841,0.7491132176005948,0.7514340028697964
-0.30158486292125875,12.076987448357599,0.7520671554861399,0.7484791318494348
-0.30538846565934985,12.176845840743308,0.755870155008855,0.7446753866806484
-0.3098662176820202,12.276676406919115,0.7603478765281598,0.7401971857921241
-0.3148441862142701,12.376483379013136,0.7653263452844163,0.735218502777941
-0.3201489143800718,12.476273582476603,0.7706319696585844,0.7380033938546169
-0.3231348781840207,12.5761546607442,0.7736170729646296,0.7549549601209405
-0.3260043544625488,12.676037820313171,0.7764856953388208,0.7740016207654778
-0.3255140014139626,12.775963966015551,0.7759950613988897,0.7853388283060869
-0.3239645038355855,12.875883008596762,0.7744461909046303,0.8094098325053863
-0.3232820323054532,12.975809657954958,0.7737635402861004,0.8438965038880383
-0.32518777714367547,13.075715670834434,0.7756682259680496,0.8848135082909855
-0.33142683967688835,13.175438585926052,0.7819099920161506,0.9229223339362911
-0.34472007232147245,13.274448587435144,0.7802780501473916,0.9636411214314
-0.36860304092851637,13.37140320145456,0.7983246822063521,1.0031456793052518
-0.40671452509216227,13.463574263218497,0.8416835149237644,1.0372269735830044
-0.46660176719125085,13.543006659515479,0.912918826472268,1.051047039264357
-0.5485387725576585,13.5991878922456,0.9786683275173301,1.037408707291784
-0.6434166733973334,13.62989144559395,1.0634784394769943,1.0048417776489615
-0.7426036044033191,13.640486169408438,1.0149596042069637,0.9616832216137081
-0.8423875000377093,13.63609263086851,0.9809432354597576,0.9133112189849699
-0.9415285342349373,13.623972226494073,0.9544090184081189,0.8593191267674283
-1.0394642125932252,13.604202987389613,0.9188508131895483,0.8052900286562615
-1.1363169522526146,13.579612649127593,0.8918257416018733,0.7561107485911785
-1.2327688891487254,13.55349145727868,0.8697696204551051,0.7160633867640678
-1.3293433207129255,13.527811609985543,0.8583880789638696,0.6887498731501405
-1.426257163077009,13.503455529911898,0.8513468904992754,0.6642736504805462
-1.5240912306384187,13.483156985168044,0.8253086717360482,0.6438987497895133
-1.6226011683517658,13.466476470403823,0.8005228720594413,0.6271712975920362
-1.7208517120462614,13.448226688713119,0.7797743787379535,0.608864891161892
-1.8193198378384143,13.431271751471341,0.7562158928805607,0.5918628053843952
-1.9180009933106725,13.415610657772302,0.7167354075587147,0.5761633821354616
-2.016783146239237,13.400507615263768,0.6773880408624824,0.5740628006233227
-2.115527765605101,13.385201867046344,0.6490144892569105,0.5889534710862643
-2.2142377997097795,13.369777378359274,0.6256700569984186,0.6135406089607192
-2.3125539406060374,13.35188572597754,0.6136098668561487,0.6279935430805579
-2.4106923663189477,13.333149048732079,0.5905823242911181,0.6482839444316254
-2.507755670689047,13.30938627002452,0.5891066703820907,0.6726807968843813
-2.6052550428601555,13.287484911867098,0.5814941710916417,0.7054386529927552
-2.702399269978652,13.26405913936552,0.5820539101145368,0.7347991085863496
-2.800055418678569,13.242883064365707,0.5972699784683794,0.7528300694001436
-2.898063196092821,13.223439138262998,0.6166703183352771,0.783308964023958
-2.9964998762403607,13.206270603193698,0.6338106016961622,0.8268786785148479
-3.095346699961843,13.191700902431993,0.6483627197404855,0.857406966129938
-3.1947432643283413,13.181643085172185,0.6581987316518536,0.8969783689252929
-3.294627141408659,13.178784545047343,0.6345679616911153,0.9458200255764647
-3.3945321108412165,13.178960840572554,0.6151110381205759,0.8922482562620397
-3.494181038888371,13.186360327064635,0.6043353820681465,0.8447774565949858
-3.5929213827869466,13.201462719933492,0.5891944565029137,0.7997881342487119
-3.6912396778534062,13.219213538160837,0.584558096781768,0.7609280830475723
-3.788456437238283,13.242217314569045,0.591568721865472,0.7238694862604756
-3.8838434104668758,13.271971820894814,0.6082351211957195,0.6965981977649487
-3.978582971442513,13.303711175217718,0.6190967409832896,0.6678040880559382
-4.073286626810039,13.335573046748884,0.6260428760527941,0.6433544598091905
-4.167238888899704,13.369564947816132,0.6288292062540279,0.6361478922818161
-4.262248142598207,13.400536499967874,0.6388685002723835,0.6288797239128373
-4.357045455502308,13.432154376003187,0.658663465864189,0.6070289065144925
-4.452107040614235,13.462965670012702,0.6932308997492518,0.5999726689289516
-4.547442554877653,13.492921790961448,0.7008748345919279,0.6085598617964383
-4.643439492594288,13.52061393782852,0.7137921133628432,0.6038029517935509
-4.7392699935962534,13.548935991385088,0.7394818648503946,0.6129343938342229
-4.835375876095114,13.576312401057452,0.7750289927207192,0.6368519452431634
-4.93190625900624,13.602157660869302,0.8037132892273495,0.6625516481369281
-5.028797040798341,13.62660826621579,0.8252535447521364,0.6562210203798975
-5.125418853304921,13.652077678149109,0.8442284630712378,0.6650318226825576
-5.22071470997793,13.682106149653283,0.865340364754915,0.6928773678474306
-5.316203259372078,13.7115571784971,0.8918944106813003,0.7221110202883912
-5.412113412096556,13.739614134538366,0.917738204954382,0.7598313563121198
-5.509167430038122,13.76334946197604,0.940853036975818,0.8043735766060869
-5.607133219797001,13.782955092387933,0.9776059934786465,0.8514605544219328
-5.706313667470052,13.794971957319394,1.0178415291953786,0.8946323193283823
-5.806113274699799,13.799202553293583,1.0521234266014026,0.9397681192822255
-5.90562055970043,13.79162452049621,1.0446086852436576,0.9828043832763649
-6.001382059691418,13.763863494560518,0.9499160915897699,1.015453027613574
-6.088328716074713,13.715403437821909,0.8616731742308766,1.0354122497294123
-6.158337666459113,13.644535943499676,0.792263077319609,1.0348131843952233
-6.20869828270224,13.558547085990602,0.7426522570576573,1.0114665383166228
-6.240837048618708,13.464053341818984,0.7109041989601039,0.9778090271584583
-6.260168072358135,13.366064640045142,0.6914863957187657,0.9391772221637696
-6.270107077026716,13.266651541483162,0.6815368778307317,0.893020308916286
-6.273133479790201,13.166778215030549,0.6785152841752604,0.8495994505062137
-6.271347392072071,13.066870124780579,0.6802969429137863,0.8115762139363097
-6.266494222631558,12.967060812726933,0.6851315573763459,0.7815249364098188
-6.260219795574307,12.867327113881176,0.6913792562851917,0.762051460760174
-6.25470964344285,12.7675515836782,0.6968677410597577,0.756169918003938
-6.2522754008537795,12.667655516795481,0.6992955905642634,0.7537405100219428
-6.2499999999999165,12.567758353463649,0.7015650703363591,0.7514697329022941
-6.2499999999999165,12.46782721756125,0.7015665128523312,0.73743123851135
-6.2499999999999165,12.367896081658852,0.6902091674440043,0.7123421044079807
-6.2499999999999165,12.267964945756454,0.6633091447883191,0.7007354563156378
-6.2499999999999165,12.168033809854055,0.6508009005382248,0.7007337638489692
-6.2499999999999165,12.068102673951657,0.6507998294706249,0.7007320733288784
-6.2499999999999165,11.968171538049257,0.6507987591183692,0.7007303847553792
-6.2499999999999165,11.868240402146858,0.6507976894814612,0.7007286981284859
-6.2499999999999165,11.76830926624446,0.6507966205599046,0.7007270134482126
-6.2499999999999165,11.668378130342061,0.6507955523537027,0.7007253307145731
-6.2499999999999165,11.568446994439663,0.6507944848628593,0.7007236499275815
-6.2499999999999165,11.468515858537264,0.6507934180873776,0.7007219710872519
-6.2499999999999165,11.368584722634864,0.6507923520272612,0.7007202941935983
-6.250689795868505,11.26866473480249,0.6501028806699943,0.7014082127409492
-6.253142182976408,11.168765397125213,0.6476540003878193,0.7038578634886853
-6.2540204359186236,11.068839484722927,0.6467760157526935,0.704733795708352
-6.253497801259838,10.968910778051725,0.6472970571532413,0.7067985474090718
-6.251748711046918,10.868995748584082,0.649043733769891,0.7216115703879928
-6.248948046077598,10.769104437490393,0.6518418905239367,0.7485790953496813
-6.245270633406428,10.669241370654793,0.6555171474075315,0.7453513476011551
-6.24089094636486,10.569406487246788,0.6598952446002265,0.7409730175609901
-6.235982973218082,10.469596067165726,0.6648022219148354,0.7360668511107407
-6.230720219979542,10.369803649486963,0.6700644640937525,0.7360817136310582
-6.225275813201642,10.270020939453296,0.6755086448400103,0.749362012232088
-6.219822669234707,10.170238705563747,0.6809616027922313,0.7698785255879999
-6.214533697109502,10.07044767095492,0.6862501824678271,0.7645886959340134
-6.209582002598601,9.97063940459722,0.6912010729312994,0.7596363277985899
-6.20721384845065,9.870748581788275,0.6935674408816234,0.7572683034578702
-6.205132032143823,9.770839519558132,0.6956469413444755,0.7551868165651163
-6.202420532617318,9.670945300236195,0.6983561382152371,0.7524755151151766
-6.199427282808904,9.571059011111059,0.7013471649403991,0.7494823893545288
-6.1964998960598,9.471170802207215,0.7042723306013313,0.7465551462116617
-6.19398607504444,9.371271509018223,0.706783882792989,0.744041574489559
-6.192233965896747,9.271356279816173,0.7085338228028863,0.7422898545321774
-6.18859143474184,9.17150537288477,0.7121751439676646,0.7386470668184998
-6.183491396263833,9.071704539517285,0.71727474631908,0.7335462676475729
-6.178119684611379,8.971917903996342,0.7226464099331436,0.7281736438176544
-6.172649300079466,8.872136609668658,0.7281169090160076,0.722702292088782
-6.167253129166387,8.772351291077108,0.7335131088200023,0.7173052000802839
-6.162104152090845,8.672552964526629,0.7386617993412452,0.7121554428285295
-6.157375635767036,8.572733921250189,0.7433895427692024,0.7136795823141522
-6.153241279661584,8.47288862829822,0.7475225674619711,0.7180740410207569
-6.149875281417994,8.373014640400099,0.747089427397241,0.7368792515887389
-6.147452288426672,8.273113522834135,0.7265475082427059,0.7480193347739382
-6.146147200951941,8.173191780744132,0.7128682980540771,0.7467163143539303
-6.146134792447868,8.07326178433021,0.7039868282639946,0.7467053148913262
-6.147589113883862,7.973342671967431,0.7025325802352281,0.7481595008846023
-6.149999999999911,7.873447122241347,0.7001223744678856,0.7505686087873529
-6.149999999999911,7.773515986338949,0.7001219709048577,0.7505700485339103
-6.149999999999911,7.6735848504365505,0.7001215680081848,0.7505714900988435
-6.149999999999911,7.573653714534152,0.700121165777868,0.7505729334821419
-6.149999999999911,7.473722578631754,0.7001207642139085,0.7505743786837952
-6.149999999999911,7.373791442729353,0.7001203633163071,0.7505758257037927
-6.149999999999911,7.273860306826955,0.7001199630850654,0.7505772745421239
-6.149999999999911,7.1739291709245565,0.7001195635201842,0.7505787251987781
-6.149999999999911,7.073998035022158,0.700119164621665,0.761081072231675
-6.149999999999911,6.97406689911976,0.7001187663895087,0.7842785462723665
-6.15051264279633,6.874144048244935,0.6996059652671932,0.8020485186835168
-6.153055843247103,6.774246893678406,0.6970634264158737,0.8045866800600724
-6.154015412764996,6.674321658906538,0.6961037306315846,0.7879229341217749
-6.153564532527431,6.574392548381596,0.6965541720509006,0.7644801966037971
-6.1518776030719335,6.474476409662583,0.6982406930950226,0.7524293699332023
-6.149129497804776,6.374583610263927,0.7009886416045991,0.7496833397311305
-6.145495051954625,6.274718951811359,0.7046232991003852,0.7488734317421916
-6.141148755342225,6.174882598416469,0.7089702069226036,0.7605949551893484
-6.1367469631765195,6.075053993253553,0.7133727429509459,0.7849104151323346
-6.13405129750301,5.975161375255416,0.7160682668790378,0.7840947563875166
-6.1295820327791235,5.87533167146023,0.7205382441089127,0.779626426019226
-6.123690092804398,5.775575254932312,0.7264319995538572,0.7790744655426365
-6.116724332062107,5.675887640590715,0.7334006641234536,0.7901864908877125
-6.109031086278306,5.576253246145805,0.741097690216227,0.8091169436699063
-6.100954531613115,5.476649046882066,0.7491785492610111,0.8010370404709956
-6.092837577969844,5.377048122684626,0.7572998936185534,0.7929167338537613
-6.0850230355254515,5.27742313807406,0.7407826913435792,0.7850991841516395
-6.077854802679754,5.177749817273093,0.7282565787198562,0.7779285801785595
-6.0716788241893,5.0780104778656066,0.7283426333312374,0.7717510583119863
-6.066843560056915,4.978197668504809,0.7331770247812331,0.7669151338315657
-6.06369969229436,4.878317917116272,0.7363205830422783,0.7637713631020416
-6.059950550480284,4.7784677168309315,0.7400691864446368,0.7600219708645481
-6.055461875997333,4.678637631507684,0.7445571694525981,0.7555328397394884
-6.051644218231868,4.578779759761377,0.7483743642233301,0.7517150433098079
-6.049031113279847,4.478890667015523,0.7509872612545607,0.749102115574783
-6.049701344770431,4.378961941516812,0.7503171808004278,0.749772759803591
-6.049974287251181,4.279031202095891,0.750044394435782,0.7500461818044585
-6.050198253541718,4.179100330185704,0.7210593548860117,0.7582657574436956
-6.050721563756163,4.079170694408264,0.7031686649389349,0.7796062724952944
-6.049284606345732,3.979267315995435,0.7011990658501648,0.7998924158424454
-6.045686889387732,3.879401296997064,0.7047927074979775,0.796296343548823
-6.041369135577491,3.779563687028188,0.7091049079674006,0.7919796901168523
-6.034653750313518,3.679872059964536,0.7158079873907061,0.7852615329180427
-6.027606856915799,3.5801905639693588,0.7228423057936086,0.7782117307448911
-6.021856499336333,3.480425874037648,0.728584067691638,0.7724607449711357
-6.017406546889876,3.3805947250567376,0.7330286408759807,0.768011789762556
-6.014259995998811,3.2807139967605643,0.7361723440865949,0.7648671933655058
-6.0124189603513685,3.1808006768683548,0.7380124306815525,0.7630283879702965
-6.013718033612242,3.080895954330383,0.7367139533859366,0.7643268466836868
-6.016324867442148,2.9809988646907657,0.7341082260864147,0.7669317274770898
-6.018729730724784,2.881096675631725,0.7317045332226312,0.7693350119938205
-6.021106517374376,2.7811938115771837,0.729328931341103,0.7717102784566829
-6.023629132348812,2.6812945502346834,0.7268074716838293,0.7742311271873741
-6.026471389135077,2.581403928448517,0.7239662712699104,0.7770710429340633
-6.029806877982073,2.48152864521156,0.7206316127331484,0.7804032306114171
-6.0313231480507214,2.381626918139718,0.7191159944368664,0.7819186393149535
-6.0304512431809245,2.2817001179611927,0.719987970342944,0.7810486747649096
-6.028534087104949,2.1817879039347647,0.7219040533973184,0.769720537807259
-6.025572538026432,2.0819011893219725,0.7248630211146824,0.740617871090004
-6.0215679095235854,1.9820508503461807,0.728863218442863,0.7232076846464383
-6.016521967725965,1.8822477108442006,0.7339025700326376,0.7181794389917019
-6.010436927539622,1.7825025271049237,0.739978594019086,0.7121187797662848
-6.003610924425045,1.6828088722486187,0.7467936628702441,0.7053229876409203
-6.000158439510438,1.5829377295754128,0.74467238280927,0.7018805355951693
-5.997631579006282,1.483039031998637,0.7191772900682533,0.6993595787440482
-5.996205240677202,1.383118739426267,0.7059140211057571,0.6979349329967638
-5.996054231120096,1.2831885857868213,0.7054000114571647,0.6977817659579718
-5.997352686699015,1.18326698451152,0.7041050137534792,0.6992042751388238
-5.999999999999902,1.0833742505918087,0.7014621175429229,0.7060419124853489
-5.999999999999902,0.9834431146894098,0.7014635119709831,0.7204043909161917
-5.999999999999902,0.8835119787870109,0.7014649070615825,0.7479587251728377
-5.999999999999902,0.7835808428846125,0.7014663028147169,0.750530828305806
-5.999999999999902,0.6836497069822136,0.7014676992303824,0.7505294389476889
-5.999999999999902,0.5837185710798147,0.7014690963085751,0.7505280514082427
-5.999999999999902,0.4837874351774163,0.7014704940492911,0.7505266656874775
-5.999999999999902,0.3838562992750174,0.7014718924525263,0.7505252817854033
-5.999999999999902,0.2839251633726185,0.7014732915182769,0.7505238997020304
-5.999999999999902,0.18399402747021965,0.7014746912465386,0.7505225194373685
-5.999999999999902,0.08406289156782121,0.7014760916373077,0.7505211409914282
-5.999999999999902,-0.015868244334577675,0.7149442518322809,0.7505197643642186
-5.999999999999902,-0.11579938023697656,0.7417508497890479,0.7505183895557505
-5.999999999999902,-0.215730516139375,0.7507545471174103,0.7505170165660334
-5.999999999999902,-0.3156616520417739,0.7507535791154806,0.7505156453950776
-6.00192866290268,-0.41555790603594067,0.7488274535810546,0.7524429093505453
-6.008441503824604,-0.5152730786028352,0.7423300805413244,0.7618420410820209
-6.016307835870176,-0.6148940398954887,0.7344853633798051,0.785269092104836
-6.022931308669514,-0.7146032353792829,0.7278785287608299,0.8191393351027804
-6.026126386881756,-0.8144769314567144,0.724688719404985,0.8602854873608963
-6.024461187531846,-0.9143779052382969,0.7284929331656282,0.906441833114058
-6.016386073493133,-1.0139496257195124,0.7519647634986661,0.9528664800536425
-6.000086683671027,-1.1124864540336656,0.7949088699786954,0.985468028416337
-5.973175705494104,-1.2086170166889199,0.8270460108383662,1.0165654427289483
-5.932991257946598,-1.2999852081760477,0.8674508183588469,1.0431378399452964
-5.879184270283746,-1.3840466282475556,0.9218444654051261,1.0636965058568264
-5.811655126220132,-1.4575295720628278,0.9887983883635424,1.0678966574690945
-5.7326857197674626,-1.5185422280327314,1.0414636090708487,1.0635510934002976
-5.645250032817368,-1.5666772605975168,0.9968638168341198,1.0531404687024264
-5.5521622757269995,-1.6027717525465088,0.9734617958732853,1.0388409713089677
-5.455647646233803,-1.6284401448924422,0.9708934170715723,1.0230677358071163
-5.357222748407343,-1.6455024170374148,0.9645226325829607,1.0014232318302707
-5.257829585347902,-1.6556592552202776,0.9543699617755861,0.9802051358650512
-5.158019547100508,-1.6604079584620868,0.9496221922633205,0.9614782251132592
-5.058094063972078,-1.6610435468775644,0.9489864969880075,0.9317618307336458
-4.958179798792039,-1.6592849459035433,0.950745004814965,0.9097153873646578
-4.858270562404994,-1.6572144771403723,0.9528154108432232,0.8979958929479576
-4.758347140249372,-1.6575945535963381,0.9524352363605848,0.8983744195035157
-4.658440622206471,-1.659360511703727,0.9506693574843553,0.9001383340743788
-4.558545927983556,-1.6620417009821256,0.9479883707592259,0.902817191419954
-4.458628377029524,-1.663649490937705,0.9463805679526838,0.9044226356955791
-4.35869875234123,-1.6640090175745779,0.9460208927573688,0.9047803904720926
-4.258774380289425,-1.6629459204711,0.9470838385351658,0.9037169527214975
-4.158880005133892,-1.6602871016971483,0.949742693942769,0.9010604003557495
-4.058953509198153,-1.659999999999676,0.9500296524617343,0.9007722060838833
-3.9590223732957535,-1.659999999999676,0.9500294820249445,0.9007706762881728
-3.859091237393361,-1.659999999999676,0.9360718144485196,0.9007691480073384
-3.759160101490961,-1.659999999999676,0.9191304358546283,0.9007676212413877
-3.659228965588569,-1.659999999999676,0.9041585926024357,0.9007660959903284
-3.5592978296861695,-1.659999999999676,0.9000984539953398,0.9007645722541682
-3.459366693783777,-1.659999999999676,0.9000987737686874,0.9007630500329149
-3.3594355578813766,-1.659999999999676,0.9000990940604114,0.9007615293265758
-3.2595044219789777,-1.659999999999676,0.9000994148705113,0.9007600101351589
-3.1595732860765855,-1.659999999999676,0.9000997361989862,0.9007584924586721
-3.0596421501741857,-1.659999999999676,0.9001000580458358,0.9007569762971225
-2.9597110142717935,-1.659999999999676,0.9001003804110596,0.9007554616505182
-2.8597798783693937,-1.659999999999676,0.900100703294657,0.9007539485188666
-2.7598487424670015,-1.659999999999676,0.9001010266966272,0.9007524369021755
-2.6599176065646026,-1.659999999999676,0.9001013506169698,0.9007509268004522
-2.559986470662208,-1.659999999999676,0.9001016750556844,0.9007494182137048
-2.4600553347598098,-1.659999999999676,0.9001020000127703,0.9007479111419404
-2.3601241988574166,-1.659999999999676,0.9001023254882269,0.9007464055851672
-2.2601930629550173,-1.659999999999676,0.9001026514820537,0.900744901543392
-2.160261927052617,-1.659999999999676,0.9001029779942502,0.9007433990166229
-2.0603307911502253,-1.659999999999676,0.9001033050248157,0.9007418980048678
-1.9603996552478253,-1.659999999999676,0.907137064851555,0.9007403985081336
-1.8604685193454338,-1.659999999999676,0.9249766553723808,0.9007389005264285
-1.7605373834430342,-1.659999999999676,0.950623058294751,0.9007374040597593
-1.66060624754064,-1.659999999999676,0.9506238405625186,0.9007359091081343
-1.5606751116382414,-1.659999999999676,0.9506246233205751,0.9007344156715605
-1.4607644770210948,-1.6612685336410689,0.9493569642910421,0.9020012525845951
-1.3608983259405185,-1.6646878155593923,0.9459383641416683,0.9054188924914444
-1.2611857195101128,-1.6712518449378047,0.9393715167132892,0.9119849200489168
-1.1614953716892102,-1.6781768227818772,0.9324431511192603,0.9189125048872383
-1.0616982764190408,-1.6832545894476896,0.9273646639853631,0.9254038803081361
-0.9617895029689979,-1.6845663803990423,0.9260537224448859,0.938814885822702
-0.8619636827289316,-1.6805596465737134,0.9300547387910368,0.9573283023205276
-0.7626793446599784,-1.6695583015825342,0.9410266533277722,0.9789682027187542
-0.664823094504938,-1.64959688095148,0.9609072308466665,1.001448555439624
-0.5699540004232277,-1.6184929292838097,0.9918500387062779,1.022149312784756
-0.48051150966049366,-1.5742395708075572,0.9815776549323157,1.0359065450693032
-0.39969711719454937,-1.5157592760944696,0.8997074298895784,1.0359248139175945
-0.3316006347633998,-1.4429612839248684,0.8319132338209414,1.0263729181462036
-0.27862339301804023,-1.3583632231365421,0.779555746181711,1.0040577764708982
-0.23859231904711162,-1.2668932744627877,0.740058083883468,0.967839248251591
-0.2096826559226585,-1.1712993714907014,0.7113749371056699,0.9225883379533073
-0.1899660066824993,-1.0733715188303232,0.705444797735731,0.8774713714574355
-0.17931415500414288,-0.9740671414577393,0.7225768246837148,0.8332613181613039
-0.17455693580298715,-0.8742539547672006,0.7253009131263435,0.7935207185935836
-0.17276565385388004,-0.7743409845311878,0.7235113171026873,0.7569772941967928
-0.17244916620569026,-0.6744107538260686,0.725557687663255,0.7243446828238457
