1.286049214047124,0.8320646957529083,1.1231902630721855,1.1981791443775005
1.2247278488589213,0.9107270236220936,1.1770742241158598,1.2407855856429186
1.165768137561314,0.9911754633055354,1.2343271883905154,1.2922209082135063
1.109758306249118,1.0736853153924415,1.2902434272884404,1.351925351591973
1.0579807944656257,1.158905623600234,1.3255020182823452,1.419811386636932
1.0127444500865563,1.2477414971034573,1.353213789322269,1.4961451794548803
0.9778345166160655,1.3411493233278,1.3768763897163256,1.531693307527938
0.9561337024840354,1.4383713351243355,1.39396488144119,1.5201395969521128
0.9473627144551077,1.5376759687221673,1.4027432124283754,1.5281463969086315
0.9506821433025008,1.6373199404116892,1.3860360833661203,1.5509002096585214
0.9621677065680094,1.7363983757516284,1.35676319479307,1.5623709912730435
0.9799489113500438,1.8345295293672181,1.3281155681844732,1.5801229445216902
1.0025990379835574,1.9316626669757935,1.2989706208168414,1.5984941866531506
1.0272780361829001,2.028303400177984,1.2554769339778176,1.5654160006119404
1.0489597555367671,2.1256512653895068,1.2155973736977908,1.5278156086656907
1.071500797870494,2.222810278078944,1.181961494395673,1.4967715995118804
1.0946108152318172,2.3198394195525105,1.1554081881238767,1.4724134718447714
1.11674352482424,2.4170951130701317,1.13326324598494,1.4388893312053315
1.1371184945242838,2.51473224772338,1.1128826407362418,1.4060534162279619
1.15491736296741,2.6128688026139235,1.0950826630702162,1.3757513879720282
1.16927515391826,2.71156362925431,1.0682613613837324,1.3355197129896945
1.1823564792657353,2.8104420759951623,1.0337576654545486,1.2925519799285519
1.1936277336959382,2.9095434165378515,1.0097656331434073,1.2442503270059273
1.203445478074047,3.0087939596818427,0.9966917248995807,1.1995267042091802
1.2110805878285922,3.1082312378052337,0.9890489921622145,1.1469454213161818
1.2145599276171135,3.2079076541115645,0.9635152056719263,1.0971767815991358
1.2162305860015854,3.3076023061604154,0.9480218639025056,1.0528684547543403
1.2130221742205316,3.4072910427943492,0.9391664749558426,1.0011045251593937
1.2069838064850429,3.5068422321813957,0.9436830824977577,0.9425297643735729
1.1997946866552875,3.6063220733677745,0.9327391011460002,0.8887181413329424
1.1913555857556584,3.705704781491547,0.9201120135205669,0.8421694578889067
1.1834150193010902,3.805122367792097,0.9177085437892217,0.8058181220089242
1.178088781187614,3.9047141120311397,0.900471934948556,0.7831733995179999
1.1722635044681096,4.004285640752379,0.8866516601159601,0.7723345252005636
1.165418398622973,4.103787523079321,0.8849611758536244,0.7654849402108372
1.1615812411663222,4.203456826755814,0.8888053647198256,0.7616453215769916
1.156088219063571,4.303034593404822,0.8686474805124543,0.7561488437562218
1.149117859735613,4.402534267037426,0.8574987809241978,0.7491742525406088
1.1421901783230246,4.5020368982784476,0.8569440248105114,0.7422424893768194
1.1356476297877256,4.601565444378518,0.8354290015172477,0.7356962506511192
1.1301936979105998,4.701151853093018,0.8243976537221425,0.7302393115389457
1.128069101540907,4.800872672547148,0.8220311083352272,0.7281130529457183
1.1257838350001201,4.900590011470275,0.8188311448149336,0.7258261222807995
1.121277181491701,5.000213179774621,0.7964228597407658,0.7292379549847955
1.1145001355614368,5.0997258775130865,0.7883913966740129,0.7438731845956951
1.1070684794727346,5.199192058080321,0.7935771806725481,0.7575677674766256
1.099324504514899,5.298634512568357,0.8012942167530189,0.7498129364217135
1.091609526529587,5.398079204547257,0.7979787286890545,0.742087198246076
1.0860568310182308,5.497653763041684,0.7782705798736266,0.7467966109237228
1.0812756125056058,5.597282423753689,0.7702856491815935,0.7653502194558078
1.0760563122594156,5.696889295226252,0.7755171582928599,0.7774478553560245
1.0709151490728475,5.796500179233018,0.7806704342459954,0.7722996463615684
1.0663138900308142,5.896137320874807,0.7852735781303031,0.7676919466394899
1.0608922865961348,5.99573135083658,0.7906609710705357,0.7695313456854297
1.0535623629802415,6.095204038751575,0.7979462200759974,0.7749472049822234
1.044844196835489,6.194565309732878,0.8008144772267453,0.7916186508645122
1.0352517185114178,6.293846362761459,0.7869358549361856,0.7860320270741304
1.0269734239191302,6.393233732651479,0.7842224812835271,0.7777844901401156
1.0190654797346153,6.49266277440813,0.7816151620758924,0.7699059296744809
1.010317761945216,6.592021884796628,0.7903805768959854,0.7629560966564006
1.0030524357040593,6.691486962576682,0.7976605161292495,0.7704617610047134
0.9945140094059179,6.790839183549653,0.8062172506013625,0.7893391655148244
0.9823047900486206,6.889831633192994,0.8184569318213526,0.7866185416493356
0.9686615020464774,6.988637274716813,0.832137722554194,0.7857518337616625
0.9542620002346549,7.08733586966339,0.8247819736917061,0.7886052430648334
0.939765518025659,7.186020320018873,0.8188199626602809,0.7897656016508141
0.9258294954536165,7.284785176194186,0.8244011226864221,0.7758309093277609
0.9131177087044043,7.383714317985395,0.837134174728298,0.7631215923078916
0.9023070257865139,7.4828679862768634,0.827493609479129,0.7523136772043393
0.8899389636670003,7.581839297926877,0.8212548923214908,0.7399501833730378
0.8800106475891188,7.681066417051953,0.8246442254050481,0.7300259727550477
0.8727397352948801,7.780544455419073,0.8268486329604898,0.7227579754827882
0.8676452931113482,7.880138932050742,0.8033457154675568,0.7176657819680462
0.8646071251261924,7.979835596533197,0.7897397832631944,0.7207987827966169
0.8632976207653756,8.079566246463918,0.7868856970091965,0.7392098533049448
0.8635153444088086,8.179309325022746,0.7818406664999691,0.7716163128442447
0.8632309118720332,8.279051543056564,0.7545152897327372,0.8145750324689971
0.861103772273529,8.378768314090351,0.7415739651659803,0.8654023372765658
0.8533002169204076,8.478160010643055,0.747587876244404,0.9116291748711911
0.8390871243398963,8.576862731136819,0.7617250819664363,0.9551379354890455
0.817166472438547,8.674136807302698,0.7671287272389274,0.9957027261420502
0.7842501939826833,8.768152201800184,0.7887959452448253,1.0341073020448666
0.736654299940449,8.85570026322343,0.8363324358692167,1.0623990973293869
0.6737387227739945,8.932793124702329,0.9062056906433409,1.0758299557881785
0.5965305998285312,8.995579535103696,0.9924624464907449,1.0782208783168754
0.507752296316645,9.040671022901877,1.0884112091904228,1.0686265683716771
0.41164215288578077,9.066636192136878,1.1878435130668241,1.047822476259096
0.3124316568075806,9.076343363333226,1.2102906915254326,1.0187801104093932
0.21284619213131278,9.07249414797818,1.1604962130948022,0.9706843832470571
0.11406694081173961,9.058741791588943,1.1132220502963288,0.9208883754761495
0.016891212277793485,9.03638413544419,1.080973945262286,0.8716422608690856
-0.0788905232613156,9.008562555310759,1.0462737441006402,0.8262613662317457
-0.17366591728041486,8.977503085390866,1.0174118281645312,0.787703221469028
-0.2676704810640745,8.944183116089162,0.9789352778913559,0.7545533201196079
-0.3615536198265794,8.910523747867384,0.9476065574988851,0.7211328449437864
-0.4566418329850736,8.880492814152909,0.9147079310512504,0.6913505357745034
-0.5526476446587202,8.853445624586628,0.875597183479025,0.6645504467731752
-0.6484610156652184,8.825723653831844,0.8399094016026017,0.6383195807192628
-0.7443028219475184,8.798129445316269,0.8122996504398412,0.6271666392566061
-0.83988877807407,8.769700371736429,0.7656405414917936,0.630890004034145
-0.9353778395711819,8.740889903683797,0.7300755844478566,0.6496992086975206
-1.030393367356297,8.7105896992579,0.7079786345704259,0.6748088009551054
-1.1246822989739882,8.67805751300933,0.6760065937525601,0.686997828118011
-1.2177102346342235,8.642156444078278,0.6613333846939269,0.6897392105116645
-1.3110242978522888,8.606942690509937,0.6575051532679556,0.705280039191763
-1.4048733824764583,8.573169195734708,0.6525708876978423,0.7355981966520144
-1.498780466406221,8.539584759113467,0.6525629635861767,0.7550350253033983
-1.5935007987764074,8.508363422591632,0.640051585335365,0.7880778673286486
-1.689616799250593,8.48172403357389,0.6350959780889971,0.8144021506653093
-1.7864159423781192,8.45775442429574,0.6429775078951824,0.8480614496521693
-1.8847959736106428,8.441596743185885,0.6505945406759124,0.8642523098826499
-1.9839627830846491,8.431092174135376,0.660498666141593,0.8918091781496909
-2.0836293503258405,8.428660289531342,0.654474620876204,0.8772601755317839
-2.1833037421880097,8.431813625459789,0.6227720159948694,0.830570192638242
-2.282871240300368,8.437736848321252,0.6032462754225342,0.7926765488094585
-2.382147243301859,8.447246472861524,0.5937927412906426,0.7621052245892367
-2.4810523788051646,8.460093867356898,0.5834040464799003,0.7470907076940458
-2.5797093411334804,8.474748754355634,0.5813679398544437,0.7127897491256969
-2.678028134938501,8.491504238486739,0.5846915191437448,0.6904155617320556
-2.7761760776548368,8.509243907595323,0.5862034006829231,0.6690208275982527
-2.874365132668788,8.526775752940823,0.59065772948046,0.6448254400599566
-2.9731478589441647,8.540285511554718,0.6154263565220913,0.6079896100904878
-3.072165548822774,8.552296446877774,0.6520748544993882,0.5844836512671174
-3.1713210151542164,8.562978145169183,0.667073094217004,0.5761482253413602
-3.270508040950137,8.573335837706232,0.6964804268916069,0.5846268584031609
-3.369527250612032,8.585334171025169,0.721755940567684,0.596543655558183
-3.468560527255855,8.597215206184325,0.7382824090844647,0.6083486608179124
-3.5674767854558915,8.610021987570653,0.7666452750542059,0.6210750745784114
-3.6662365010208644,8.623994789558886,0.802003737180151,0.6349617696812707
-3.764521893174974,8.640877467306465,0.8209912932354992,0.6517355193269587
-3.8620694870931147,8.661629736769635,0.8390401704400551,0.6723492676841264
-3.9591524239062137,8.684480287528372,0.8595151612557516,0.706210316722081
-4.05583647075991,8.708992713729012,0.869342181495436,0.7533355250662606
-4.152992242665874,8.731550541527499,0.8857010440353369,0.8084516329814214
-4.250973714241287,8.750151943679203,0.9121006449315903,0.8684654036288195
-4.349701535785174,8.764302336602873,0.9456011315310219,0.9320000635562395
-4.448997167267248,8.77324198478887,0.9651179885093285,0.9977087407220968
-4.548655885174041,8.772287627115542,1.001630825380444,1.0565010427019508
-4.647480212214237,8.759338805327602,1.0565452087839864,1.1095839491041537
-4.743440026845242,8.732811288557963,1.1097978671612334,1.1512417986518058
-4.830922626907365,8.685553115942215,1.0691251117226181,1.161736222148935
-4.903822863347401,8.617864359979977,0.9970781824791192,1.1555875091029173
-4.959577868356711,8.535485935389817,0.9412723871748488,1.1354315981148226
-4.996709153845197,8.443053716422286,0.9038741128897464,1.1029121610711248
-5.020174537434679,8.346214407220721,0.8803145558470217,1.0648172254815844
-5.033056686744088,8.247339558571621,0.8674034819704421,1.0246764179674357
-5.039622497518362,8.147854626212617,0.8608255616061515,0.9869194095421108
-5.038885440797197,8.04813523917228,0.84925803463873,0.9510666028738445
-5.032677398647284,7.9485926862757035,0.8313577606036237,0.9193127388863007
-5.022747676839194,7.849347199818726,0.8289401496786417,0.8923850843078558
-5.011357167508126,7.750256421949209,0.8399155006952307,0.8538925052976813
-5.001234427132569,7.651032209857992,0.8499831295500344,0.8184365593809941
-4.994410373235176,7.5515256316267845,0.8567732777380311,0.7972654588536554
-4.98953140424543,7.4519057442217145,0.8419726722596611,0.7901880723152603
-4.982757397176006,7.352395186430539,0.8283175730852924,0.7834045368094142
-4.977892604789171,7.252775666179269,0.8228682910626189,0.7825945393005876
-4.976158349569196,7.153053054537872,0.8246113791006267,0.7914019350536485
-4.970171705299682,7.053504942786597,0.8089918505191903,0.8083264593796834
-4.961676986803708,6.9541257589812275,0.7967941255645278,0.8132956123264128
-4.952744785309916,6.8547899673848365,0.7974268124576855,0.8167533418507418
-4.943821337500604,6.755449905383816,0.8063614229672367,0.8322458108951865
-4.932835935763191,6.656314998800834,0.8173622235440126,0.8357858786131896
-4.92047415613369,6.557341163266715,0.8043299986242636,0.8331750127159687
-4.907408587550137,6.458457176761308,0.7987905254829412,0.8348136962606828
-4.896616226933123,6.3593064379163105,0.8033837916410835,0.846696402488733
-4.885607902845933,6.260172456774701,0.8141256340482043,0.8356999072303626
-4.873300277928163,6.161206282631617,0.7975611443587793,0.8278387504601975
-4.8578785084170235,6.062662533301013,0.7964245779314607,0.8288143664217282
-4.842059505824178,5.964181421893394,0.8080950319164221,0.8412977837614801
-4.8264938543587235,5.865660166069677,0.8236313281711716,0.8265004118206067
-4.81183555199488,5.767000622084409,0.8136430598911527,0.8118381892085776
-4.7994510064270415,5.668047851130073,0.8112699019868197,0.7994518184958903
-4.791035348422322,5.568660639163899,0.8118000485924799,0.7910356106607995
-4.7831934433157794,5.4692326658102965,0.8174190477733708,0.7831934662419887
-4.773554180838094,5.369956443795028,0.8270251114621268,0.7799227532943419
-4.765076333439399,5.27057530704546,0.8226969822799132,0.7904946997579873
-4.758279336416158,5.171065067313415,0.8056765516506449,0.8085125993741893
-4.751755836430819,5.071535337467594,0.7997947821088508,0.8019825301182628
-4.744928745262743,4.9720257335141484,0.8066057638019262,0.7951485290391584
-4.7384831449796705,4.872491028295099,0.7954586715270855,0.7972977765035351
-4.7307397207556905,4.7730624810497835,0.7802435256668738,0.8105117389935428
-4.72378209260356,4.673563249796092,0.7768349356211275,0.8246682213017574
-4.7161596671139945,4.574116593974846,0.7844719896656331,0.8170337872475908
-4.710056535704333,4.474561804792218,0.7694680800251695,0.8216163636911435
-4.701972392725015,4.3751603994485215,0.7563218338787221,0.8344627267779442
-4.689203146360426,4.276239711268465,0.7609042143431274,0.8449777667511852
-4.675248038331376,4.17748086770282,0.7748782226571943,0.8450393282747485
-4.66250722800291,4.078557037973426,0.7876361684174958,0.8567694315106921
-4.647978415551072,3.979878285800285,0.7770264734922999,0.8483688284507303
-4.632493269867168,3.8813442550179693,0.7736120734887548,0.8356702602890084
-4.618623442157993,3.782582476179356,0.7813785433002705,0.836407524657287
-4.605494839024955,3.6837068151246757,0.7945054453173903,0.8496810998641201
-4.590160016583972,3.5851672642205816,0.7923458998673045,0.8449709562012595
-4.572798901306919,3.4869477512863907,0.7926468665941868,0.8383147458987286
-4.5580623191060745,3.3882993251883304,0.7962825053882053,0.8405048302197818
-4.542672608019255,3.289750212228314,0.8074757810483219,0.842698741668423
-4.527617485250892,3.1911496504697343,0.8166004503441471,0.834281468779393
-4.513471556294403,3.0924143551362997,0.8039240488235267,0.8386541300193868
-4.5001642415873135,2.99357272336046,0.8026782749772599,0.8504994717030635
-4.487250698830979,2.8946693024770265,0.8133560737419183,0.8375637564785994
-4.473742806364416,2.7958446789246088,0.8204762199365843,0.8326875656043594
-4.459066225813425,2.697201044162493,0.8102769558589126,0.8385400396557897
-4.442609812565397,2.5988245049200986,0.8140793895607659,0.8542992551425916
-4.4254749607656585,2.50057606879496,0.8087634011866569,0.8764345053130272
-4.4066940063131534,2.4026167849704483,0.8046888582235638,0.8577686557726129
-4.388828101534969,2.304487332283117,0.8120034936150412,0.8400170268938344
-4.372688004058171,2.2060610338544953,0.8071674266817872,0.8244419655019041
-4.358825786473566,2.1072879344893014,0.8000326262454829,0.823080967056398
-4.3458087479960845,2.0083975405141117,0.8044358094878568,0.8345777538265434
-4.333605199039098,1.9094042962013393,0.8166598824408545,0.8340892957236553
-4.323056953587101,1.8102227688991155,0.8171906488213188,0.8260937395583565
-4.311522101772163,1.7111538649278055,0.8093666277374292,0.829103560776093
-4.303074963771268,1.611782663581281,0.8034685279239194,0.8469961223794737
-4.296037952822031,1.5122882662671377,0.8039670604396824,0.8460984417780114
-4.289282724099868,1.4127822519197661,0.7823064362758527,0.8393483233344784
-4.280837227045159,1.3133973023511953,0.7736422744524394,0.8309099267496233
-4.273517573979204,1.2139240754687588,0.7766543505509307,0.8235964845973112
-4.26801357665377,1.1143354731270256,0.7821493657919703,0.8180971677775749
-4.263896248315643,1.0146771378363157,0.7862596749673407,0.8139835149525024
-4.256343378029774,0.9152392482692029,0.7938008402783744,0.8064381570272451
-4.2464580678705275,0.815987827576829,0.8036712596419224,0.8011834701228313
-4.235548236057403,0.7168431232083008,0.8145652545756739,0.8072757542557771
-4.224120874455108,0.6177564010652763,0.8259770558622128,0.8239585665398221
-4.212679267244388,0.5186713179818019,0.8314730588468553,0.8126971062607142
-4.20172662427737,0.41953131512871666,0.8158023079090249,0.8017400635266582
-4.193844017870036,0.3201145133253155,0.8090854868998362,0.8006351143877836
-4.187052072932345,0.22060253750187953,0.8135282811031772,0.8054726310923859
-4.180823835828676,0.12105418398254915,0.778794618178928,0.8187506534157173
-4.172862116035139,0.021641132283157033,0.75399039470748,0.8232037125973293
-4.1639537999040686,-0.07770372627098285,0.7428195525781924,0.8142836521943273
-4.1561574959896594,-0.17713133780322135,0.7438427939358341,0.8064775913521661
-4.151392338463851,-0.27676092305368777,0.7486083189555696,0.8106781689978423
-4.145983396736967,-0.37634800720961525,0.7540178478448382,0.8263446251765605
-4.137104690263144,-0.4756952044037188,0.7628978993036393,0.8491015548078171
-4.1276654640418124,-0.5749910419671332,0.7723391058161603,0.8621859059685891
-4.118174294807723,-0.6742819456439562,0.7818328007424238,0.8690056827959327
-4.109139535978282,-0.7736151372189121,0.7908703916603613,0.8600041117810815
-4.101072354889552,-0.8730310127668495,0.7989403845865279,0.8519663648949337
-4.095881872519396,-0.9726189215081676,0.8041329886288215,0.8467949922281836
-4.088281739529395,-1.0720717418572001,0.8117362284548267,0.8404361443645468
-4.079757475468054,-1.1714501317750425,0.8202643777056564,0.8332165866580613
-4.070820799537461,-1.2707924989824786,0.803585514118945,0.8374361157666403
-4.061981227947783,-1.3701434858467905,0.7952324358906889,0.8534685419621143
-4.054056801203508,-1.4695647845059518,0.7984214104949927,0.8543166825707128
-4.0495797673581535,-1.569207755176532,0.8005197297164603,0.8498469924182592
-4.044802035526258,-1.668831275517959,0.8052915924837873,0.8484240907439767
-4.036419285224919,-1.768221654491113,0.8136649098111756,0.8550881740907094
-4.027765328793386,-1.8675855968297892,0.8223096448942345,0.8694106126353288
-4.021519999340499,-1.9671325169289313,0.8285489123234296,0.8715227892399172
-4.014204314536601,-2.0666071796338747,0.835857869733711,0.8696611094724751
-4.006698574034408,-2.1660647343579775,0.8378276869889711,0.8689390423408458
-3.9996503927731144,-2.2655304293668364,0.8182113357613495,0.8789951917105744
-3.9887545033436744,-2.364675216482509,0.8143365452765807,0.8889079853879239
-3.976115225071733,-2.4636139113946083,0.824362241064069,0.8836900478648844
-3.964056920711543,-2.5626163061313125,0.8363819310793493,0.8902735522187082
-3.9518378924283724,-2.661607616127155,0.8485641155282221,0.907677724834033
-3.938410495118645,-2.76044301478045,0.8504666439282896,0.9315686120303264
-3.9261780390243404,-2.8594207090674573,0.8383171111337374,0.9502110094505025
-3.91477556715392,-2.9585101815584136,0.8371083462729818,0.9795033578689265
-3.90030970646214,-3.057191243127572,0.8507550900190655,0.9884018562835076
-3.8866615926233967,-3.155991418320765,0.8643298354021391,1.0072956827182598
-3.875908551797393,-3.255151808316158,0.8750330103663903,1.0382376783157692
-3.866164559864212,-3.3544182051995985,0.8847348668535693,1.0784691439398337
-3.8557277894042494,-3.4536133470956356,0.8777410647819407,1.111834607489662
-3.8417582346484607,-3.552342723845994,0.8698024034486047,1.140284855013944
-3.8224168784418198,-3.6501837985353136,0.8786605620791024,1.1714864357563362
-3.7988336040681956,-3.7470838153983212,0.9023686412200846,1.206147693939806
-3.770475436407724,-3.8426915777423942,0.9091361262073511,1.2433675646919569
-3.7367622681336043,-3.936544899098521,0.9233512765460689,1.2822137369733901
-3.6935544528158357,-4.026416356733271,0.9575711890999616,1.3152466477208007
-3.643041088955289,-4.1123703783012475,1.0077348158313826,1.3429624802424034
-3.5849980942727315,-4.193412434635874,1.065201398417829,1.3688800507967187
-3.518103167399981,-4.267271584149926,1.1319101525560793,1.389476264480314
-3.4442048088129846,-4.334153398166307,1.2064120467984851,1.4016527372479446
-3.3629237750336194,-4.391877481565372,1.2872186759162392,1.4069839853052573
-3.275218284619073,-4.439280374914801,1.3751876785906403,1.40274176295686
-3.182184374553191,-4.475061288075586,1.3854862293795045,1.392790651680153
-3.085879939352596,-4.500785566684971,1.3596723869292073,1.3793706255642875
-2.987543768734056,-4.517146711361249,1.343275021784438,1.3635200601569983
-2.8881345100702553,-4.524730835810928,1.3356794047221678,1.346034748427235
-2.7884204740209237,-4.52482975516998,1.3355743203607673,1.3283285632602633
-2.688889450717796,-4.518584150639503,1.341807490511284,1.3116316296667503
-2.589758396131821,-4.5076016068977625,1.3527671287485368,1.2976384014413602
-2.4908901345894328,-4.494419858441025,1.3659204013261819,1.2844497142855316
-2.391958937633941,-4.481734774772897,1.3785798810125551,1.2514582666806464
-2.292640709737617,-4.47284121466573,1.3822930247926852,1.2249503607390813
-2.192919835591911,-4.470745523480019,1.3625028901118978,1.212889913208364
-2.093225169944445,-4.467633691110468,1.3508243702967515,1.2079491104450202
-1.9935534542233087,-4.463852060420938,1.3471233988291798,1.2041636551142632
-1.89389447495389,-4.459746124814703,1.330378430851558,1.2000537025619231
-1.7942346577998336,-4.455660873049101,1.3205265080723734,1.195964461688618
-1.6945606362803975,-4.451941365640569,1.3146431408112087,1.1922412059975052
-1.5948628245867573,-4.448933281796838,1.2988253404799701,1.189229740793963
-1.4951451894980523,-4.446782851713225,1.280747829570324,1.1934813148076748
-1.3955324974640255,-4.441714960676036,1.2731827996163738,1.2031098190330713
-1.2958267636673497,-4.4390175153266025,1.2710378430190816,1.221773307680656
-1.196178042068843,-4.434688898086176,1.275369252979367,1.2255682276529702
-1.0965929654843116,-4.429077295853808,1.280984268474225,1.219949386810638
-0.997064838516908,-4.422528945796836,1.287536640391986,1.213392322458891
-0.8975773213200514,-4.415387944133637,1.2946821607083185,1.206241507751584
-0.798108017359013,-4.407996745646537,1.3020781842585996,1.206720664222828
-0.6985388109898355,-4.40234188251574,1.2952308602069087,1.2171338925432618
-0.5989170223887866,-4.397421896787633,1.2810943923080422,1.2362556078743092
-0.4993336647853263,-4.391772726331298,1.2753594149646665,1.2322723825748205
-0.3997625612852276,-4.385910313731117,1.2738338309262023,1.226421309442973
-0.3001741919993218,-4.380350679236457,1.2598794057335703,1.2208725682288428
-0.20067646191372945,-4.373581947700741,1.2487181492635047,1.214118121564429
-0.101330430112556,-4.364686416581041,1.2475995212383493,1.2052427288906173
-0.002000119714018783,-4.355616573609624,1.2546099676963343,1.1961941366003301
0.09734508457023316,-4.346711786860956,1.263501615856435,1.1883395705118187
0.19673412927747894,-4.338311981032122,1.2718896282291638,1.1893371878713213
0.2962755245024134,-4.332248842059462,1.2779443753706063,1.2009766120511036
0.3959248899832958,-4.327916314469828,1.2586588921686257,1.2180502408212226
0.4955752469599962,-4.3236066521205965,1.2464008193751688,1.2137445320467173
0.5952472778869109,-4.319837218480424,1.2415162440592413,1.2099787297099562
0.694942142670511,-4.3167248850669235,1.2400608749436424,1.2068696541016568
0.7945822655553781,-4.312212937682691,1.2211586042933409,1.2023620438401565
0.8943016193951986,-4.310343327575354,1.2075736269782393,1.203058686978534
0.9940431611855088,-4.310844869287304,1.1997668947196853,1.2143384920366072
1.093785009271663,-4.311333821329761,1.2002393974785162,1.2335934980025198
1.193516360696148,-4.310046666083045,1.2107278493561338,1.258773712262184
1.2931448313243197,-4.30550236003321,1.232407163956012,1.2881259356229893
1.3920189975856494,-4.2929392193684635,1.2531714083020273,1.3168178947223388
1.4893442435429862,-4.2713563183787855,1.2549009687422736,1.3418448595767698
1.583882262939583,-4.239806771353503,1.2746755483316974,1.3521948236618773
1.6738723143951326,-4.196988756418946,1.276130201485494,1.3577256217370544
1.7572099381596742,-4.142454610122213,1.1937540596552743,1.3570849316938616
1.8301814732999533,-4.074692530057896,1.1199935109234154,1.346933941320695
1.889872967621114,-3.9949589309657236,1.060127121252186,1.3262827395554149
1.9347335371369403,-3.9060050967510724,1.0153309723806871,1.2952874803887793
1.9658820055818675,-3.8113567395501033,0.9842607302959739,1.2504219067817133
1.9849645159875193,-3.713536828327566,0.965220676600532,1.200713291228945
1.9946686180029614,-3.6142907202374994,0.9555329495084074,1.148943855575015
1.9991089902563524,-3.5146801974435693,0.949264928163743,1.0990463239676185
1.996768354502367,-3.4149797252997174,0.9249936396497922,1.0443256782319
1.989370554754149,-3.315516979029534,0.9161038191986357,0.9847124409515984
1.9791781339114678,-3.2162969592829365,0.9208221973654549,0.9275349588787569
1.9684040289122,-3.1171377039341586,0.9197427584102548,0.8774774198302686
1.9588362621228248,-3.0178573242507367,0.9094567849423081,0.8375003216501252
1.950469696667606,-2.918467567331563,0.9032692368171387,0.8090976726027588
1.941101676788201,-2.819165630122608,0.9090610759229577,0.7913189539461553
1.9306544050530188,-2.7199712547705057,0.9081856937927131,0.7808912342642396
1.9233214242474426,-2.6205047112295268,0.8917555779260701,0.7735709530075684
1.9187401665341397,-2.5208859284226603,0.8835567621998996,0.7689979668143218
1.9165667660822612,-2.421166080949887,0.884168530166973,0.7668295396880271
1.9147260164415494,-2.3214397064835635,0.8700070118639789,0.7649935371628358
1.9097405673446404,-2.2218283549571383,0.8524686663784874,0.7638764375952525
1.906339227541166,-2.1221472916220483,0.84481148435483,0.7772467840886703
1.9015886399397615,-2.022518369003416,0.8495731385876023,0.8015886774442132
1.8955221318788018,-1.9229601482972136,0.8350921768105206,0.7955223357749818
1.888657381842326,-1.8234533094234242,0.8208444216320984,0.7886579483833822
1.8815088987161763,-1.7239662718055175,0.8188742479007637,0.7815100489870958
1.875736718375307,-1.6244042784511121,0.8246560839412976,0.7757384975849458
1.8703196745630164,-1.5248308688793746,0.8061955765570766,0.7703221951580327
1.860862041779539,-1.4255387481006192,0.7961945196483632,0.7608663520931628
1.8498381443863066,-1.3264073469974105,0.8001893822979643,0.7560311302127025
1.837759837930538,-1.2273982331188216,0.8122756521604568,0.7632436663131072
1.8251313908080442,-1.128457434253668,0.8249136187884545,0.7752880162105823
1.8124525971107384,-1.0295230333682255,0.8376029674868526,0.7625930406300555
1.8011668679020587,-0.930434333881075,0.8210583836420676,0.7512943760844332
1.7921718432721983,-0.8310973358328144,0.8128712192258944,0.7422909239223648
1.7840274714062614,-0.7316989443877125,0.8160220745825552,0.7341392639523724
1.7779135479104768,-0.632143268400001,0.8181335846502923,0.7365354550693242
1.7724505683571532,-0.5325610684552685,0.7961348234382034,0.7528992550863253
1.7665164507314088,-0.43301083610969754,0.7867364701567825,0.7778747545147556
1.762465374689361,-0.33335316594521697,0.7880389544186561,0.79701008358892
1.7596422421884121,-0.2336496926783442,0.7724650408313821,0.8281088743390191
1.75499841782554,-0.13404191394685813,0.7602794283340453,0.8585776324022388
1.744034178213207,-0.03491823807341518,0.757788390411653,0.8864059199314994
1.7280247899429577,0.06351247996245417,0.7733388780432702,0.9166549046877446
1.7053931052017617,0.16059592977491383,0.7957707980214651,0.9502224501954876
1.673997665793665,0.25523189859163437,0.8127095117468436,0.9844918603571101
1.6339077461807878,0.34652260990160844,0.8297988980826424,1.0189159649395678
1.585351905149468,0.433585155886521,0.8669501137810104,1.0460363479548418
1.5303196863572017,0.5167530777834648,0.9198984463998889,1.0725635406815557
1.4718804211259162,0.5975737020693181,0.9781199814694136,1.0963918114738138
1.4112433318346118,0.676766777405256,1.03299650821462,1.1247254439676626
1.3490241073912308,0.7547171054492664,1.0739849273440145,1.1591106596157479
